,title,composer,level
0,Acidic,Tyler Arcari,very easy
1,Adamant,Larry Clark,very easy
2,Aeolian Rock,Jeffrey Frizzi,very easy
3,Aftershock,Larry Clark ,very easy
4,Age of Heroes,Jeremy Woolstenhulme,very easy
5,Air of Nobility,James Swearingen,very easy
6,Airplane,Michael Hopkins,very easy
7,Aliens in the Attic,Tyler Arcari,very easy
8,Anchored,Todd Parrish,very easy
9,Angel Echoes,Larry Clark,very easy
10,Anishinabe,Jeffrey Frizzi,very easy
11,Annie's Gone Home,Bud Woodruff,very easy
12,Antagonist,Larry Clark,very easy
13,Antelope Freeway,Steven L. Rosenhaus,very easy
14,Apollo Suite,Merle Isaac,very easy
15,Appalachian Hymn,Soon Hee Newbold,very easy
16,Aquila,Lauren Taylor,very easy
17,Arco Polo for Multi-Level Orchestra,Ingrid Koller,very easy
18,Artifacts,Kathryn Griesinger,very easy
19,Ascension,Sam Gelfer,very easy
20,Aspirations,Larry Clark,very easy
21,At the Grasshopper Ball,Richard Meyer,very easy
22,Atlantis,Todd Parrish,very easy
23,Attack of the Walking Basses,Bob Phillips,very easy
24,Attack!,Jeffrey Frizzi ,very easy
25,Attila,William Owens,very easy
26,Awakening,Bud Woodruff,very easy
27,Aztec Warrior,Jeffrey Frizzi,very easy
28,Backcountry Ramble,Bob Lipton,very easy
29,Ballad of Burning Sky,Kathryn Griesinger,very easy
30,Barnburner,Michael Story,very easy
31,Bass Patrol,Timothy J. Isham,very easy
32,Battle Quest,Mike Forbes ,very easy
33,Battle Stations,Francis J. Caravella,very easy
34,Battle at the Great Wall,Stephen Chin,very easy
35,Battlefront,Sean O'Loughlin,very easy
36,The Beast,Michael Story,very easy
37,A Beethoven Lullaby,Brian Balmages ,very easy
38,Beyond the Thunder,Deborah Baker Monday,very easy
39,Boppin' Gator Groove,Lorie Gruneisen,very easy
40,Bossa Nova Triste,Mary Alice Rich,very easy
41,Boundless,Doug Spata,very easy
42,The Bountiful Plains,Gene Williams,very easy
43,Bow Lift Boogie Woogie,Allison Buettner,very easy
44,Bow-Regards Parade,John Caponegro,very easy
45,Breakbeat,Doug Spata,very easy
46,Bright River,Kathryn Griesinger,very easy
47,Brio,Doug Spata,very easy
48,Buccaneer Chanty,Timothy J. Isham,very easy
49,Buckland Hollow,Doug Spata,very easy
50,A Can-Can Festival,Jacques Offenbach/arr. Todd Parrish,very easy
51,Canon Power,Bob Lipton,very easy
52,Canyon Flowers,Mickey Parra,very easy
53,Caper,Lee Ewing,very easy
54,Caramel Apple Carousel,George T. Frueh,very easy
55,Carousel,Bob Phillips,very easy
56,Celtic Dance,Mark Williams,very easy
57,Chance Dance,Sarah Siegler/ed. J. Cameron Law,very easy
58,Chins and Pins,Richard Meyer,very easy
59,Chopsticks Prism,Doris Gazda ,very easy
60,Clash of the Triads!,arr. Deborah Baker Monday,very easy
61,Classic Sinfonia,arr. Elliot Del Borgo,very easy
62,Clockworks,Thom Sharp,very easy
63,Clog Dance,Elliot Del Borgo,very easy
64,Contemplation,Larry Clark,very easy
65,Coronation of the Queen,Susan H. Day,very easy
66,Courtly Dance and Procession,Brian Balmages,very easy
67,Credo,Frank J. Halferty ,very easy
68,Creekside Chillin',Thom Sharp,very easy
69,Cricket Dance,Peter Terry,very easy
70,Cripple Creek,Traditional/arr. Edmund Siennicki,very easy
71,Crown of Aragon,Seth Bedford,very easy
72,Crystal City March,Mark Williams,very easy
73,D-Tour,Todd Parrish,very easy
74,Dance of the Dells,Janelle Zook Cunalata,very easy
75,Dance of Fire,Frank J. Halferty,very easy
76,Dance of the Bowless Basses,Bob Phillips,very easy
77,Dark Forest Legend,Eric B. Davis,very easy
78,Darkwing,Peter Terry,very easy
79,Daydreams,Mickey Parra,very easy
80,Defender of Time,Rob Grice ,very easy
81,Dinosaur Damage,Lauren Bernofsky,very easy
82,Dizzy Digits,Richard Meyer,very easy
83,Doomsday,Adrian Gordon,very easy
84,Dorian's Barn,Bud Woodruff,very easy
85,Double Agent,Brian Balmages,very easy
86,A Dozen Dazzlers,Stephen Chin,very easy
87,Dragon Dance,Michael Story ,very easy
88,Dragon Slayer,Rob Grice,very easy
89,Dragon's Flight,Liam Ramsey-White,very easy
90,Dragon's Tail,Sean O'Loughlin,very easy
91,Dragonhunter,Richard Meyer,very easy
92,Dynamic Duo,Jim Palmer,very easy
93,Eagle's Flight,Frank J. Halferty,very easy
94,Echoes of Truth,Kari Zamora,very easy
95,Eclipse,Caryn Wiegand Neidhold,very easy
96,Effervescence,George Sweet,very easy
97,Electric Breakdance,Benjamin Dean Taylor,very easy
98,Elegy and Dance,Richard Meyer,very easy
99,Enchanted Village,Sean O'Loughlin,very easy
100,Endeavour,Sean O'Loughlin,very easy
101,Enduring the Storm,Lucas Shogren,very easy
102,English Sea Chantey,arr. Jeremy Woolstenhulme,very easy
103,Enter the Laureates,Doug Spata,very easy
104,Epic,Larry Clark,very easy
105,Eternal Summer,Peter Terry,very easy
106,Ethos,Larry Clark,very easy
107,Exhilaration,Cooper Ford,very easy
108,Expectations,Larry Clark,very easy
109,Expressions,Bill Calhoun ,very easy
110,The Eye of Jupiter,Jeremy Woolstenhulme,very easy
111,Fall River Road,Morgan Denney,very easy
112,Fascination,Larry Clark,very easy
113,A Festival Rondo,Richard Meyer,very easy
114,Fiddle Faddle Hoedown,Thom Sharp ,very easy
115,Fiddling for the First Time,arr. Bob Phillips,very easy
116,Fiesta Time!,Victor Lopez,very easy
117,Fire Dragon Mountain,Rob Grice,very easy
118,Fire Star,Brandon Bangle,very easy
119,First Concert Suite,Susan H. Day,very easy
120,First Star,Lauren Taylor,very easy
121,Flash Point!,Patrick Roszell,very easy
122,Friday Frolic,Mickey Parra,very easy
123,Furiant,Michael Story,very easy
124,G! I Like Echoes,Lorie Gruneisen ,very easy
125,Gaelic Castle,Soon Hee Newbold,very easy
126,Gamelan Groove,Doug Spata,very easy
127,Gap of Dunloe,Chris Thomas,very easy
128,Ghost in the Living Room,Susan H. Day,very easy
129,The Ghost of Old Tom,arr. Anne Svendsen,very easy
130,Golden Dawn,Peter Terry,very easy
131,Goliath,Vanessa Fanning ,very easy
132,Gothic Cathedral,Joseph Compello,very easy
133,The Grandfather Clock,David Bobrowitz,very easy
134,Gravitas,Larry Clark,very easy
135,Great Plains Saga,Joseph Compello,very easy
136,Greater Than...,Brian Balmages,very easy
137,The Grotto,Todd Parrish,very easy
138,Guldfaxe,Andrew H. Dabczynski,very easy
139,Gulf Coast Pirates,Kathy L. Fishburn,very easy
140,Gypsy Moon,Frank J. Halferty ,very easy
141,Hannibal in the Alps,Joseph Compello,very easy
142,Heart in the Highlands,Stephen Chin,very easy
143,Hello Cellos,Ingrid Koller,very easy
144,"Hey Ho, the Wind",Deborah Baker Monday,very easy
145,Highlander's Pride,Carl Strommen,very easy
146,The Highwire,Alan Lee Silva,very easy
147,Hocus Pocus!,Willian Owens,very easy
148,Honor and Glory,Soon Hee Newbold,very easy
149,Horizon West,Chris Thomas,very easy
150,Hunters of Avatar,Mark Wood,very easy
151,In Grandfather's Arms,James Meredith,very easy
152,In Prospect,George Sweet,very easy
153,Incursion,Sean O'Loughlin,very easy
154,Into the Dragon's Den,Raymond Brown ,very easy
155,Into the Sky!,Brian Balmages,very easy
156,Invicta,Soon Hee Newbold,very easy
157,The Iron Road,Eric B. Davis,very easy
158,Jasmine Flower,arr. Douglas Wagner,very easy
159,Journey to the Sun,Jeffrey Frizzi,very easy
160,Jubilee Fanfare,Soon Hee Newbold,very easy
161,Just Add Music,Scott Watson,very easy
162,Kabuki Dance,Richard Meyer,very easy
163,Kahuli Aku,arr. Amanda Suckow,very easy
164,Kalimba Lullaby,Lauren Bernofsky ,very easy
165,Kelvin Grove,arr. Larry Clark,very easy
166,King Henry's Choice,Keith Sharp,very easy
167,Koa Warriors,Nicolas Repetto,very easy
168,La Carillon a Musique,Eric Law,very easy
169,La Petite Danseuse,Elliot Del Borgo,very easy
170,Lakota Courting Song,arr. Devon Morales,very easy
171,Land of the Titans,Jeremy Woolstenhulme,very easy
172,Legend of the Lotus,Frank J. Halferty,very easy
173,Legend of Dark Mountain,Soon Hee Newbold,very easy
174,Les Matadors,Ignatius Sancho/arr. Dion Morales,very easy
175,Leviathan,Timothy J. Isham,very easy
176,A Little Suite of Dreams,Stephen Chin,very easy
177,Lonestar,Carl Strommen,very easy
178,Lost Island,Kathryn Griesinger,very easy
179,The Lost Tomb,Sean O'Loughlin,very easy
180,Lotus Dance,Kathryn Griesinger,very easy
181,The Low Down,Kevin Sluder,very easy
182,Lux Angelis,Stephen Chin,very easy
183,Majestic,Larry Clark,very easy
184,Majestic March,Paul Lavender,very easy
185,Make It Count,Loreta Fin,very easy
186,Marble Falls Rondo,Bud Woodruff,very easy
187,March Heroic,Elliot Del Borgo,very easy
188,March Momentous,"DEL BORGO, E",very easy
189,March of the Minions,Lisa Galvin,very easy
190,The Mariner's Tale,Stephen Chin,very easy
191,Marsquake,Sarah Siegler,very easy
192,The Maya Kingdom,Victor Lopez,very easy
193,Meadows Under a Spring Sky,Aric Branchfield,very easy
194,Medieval Kings,Soon Hee Newbold,very easy
195,Meridian Passage,Doug Spata,very easy
196,Metallurgy,Doug Spata,very easy
197,Mi Caballito,John Nieto,very easy
198,Midnight Mischief,Doug Spata,very easy
199,Mill Creek Stomp,Nicolas Repetto,very easy
200,Momentous,Brian Balmages,very easy
201,Moonlight Caravan,Timothy J. Isham,very easy
202,Moonlight Shadows,Mike Kamuf,very easy
203,The Morning Bus Ride,Ron DeGrandis,very easy
204,Morning Lights,Brian Balmages,very easy
205,Mountain Dance,Seth Gamba,very easy
206,Mystic Caravan,Soon Hee Newbold,very easy
207,Mystic Fire,Kathryn Griesinger,very easy
208,Mystical Mage,Jeremy Woolstenhulme,very easy
209,Mythos,Sean O'Loughlin,very easy
210,Never Let Up,Brian Balmages,very easy
211,Nighthawk,Mike Kamuf,very easy
212,Nightwatch,Cooper Ford,very easy
213,Ninja,Richard Meyer,very easy
214,No Bow Blues,Alex P. Dudley,very easy
215,Noble Dance,Sean O'Loughlin,very easy
216,Northern Lights,Alan Lee Silva,very easy
217,Olympic Dream,Susan Day,very easy
218,Omicron,Sean O'Loughlin ,very easy
219,Orion the Hunter,Matthew Gelfer,very easy
220,Our Heroes,Susan H. Day,very easy
221,Over the Sea to Skye,Traditional/arr. Douglas E. Wagner,very easy
222,Passacaglia Variants,Sean O'Loughlin,very easy
223,Pentatonic Overture,Elliot Del Borgo ,very easy
224,Pepperoni Pizza Rock,Brian Balmages,very easy
225,Pernambuco,Cindy Hill,very easy
226,Petite Marche Hongroise,Stephen Chin,very easy
227,A Pirate's Dream,Susan H. Day,very easy
228,Pizzicato Parade,Chris M. Bernotas,very easy
229,Planets in Motion,Victor Lopez ,very easy
230,Popcorn,Kathryn Griesinger,very easy
231,Porcupettes,Janelle Zook Cunalata,very easy
232,Prairies and Pines,Aaron Fryklund,very easy
233,Prelude and Fugue,Brian Balmages,very easy
234,Presto!,Robert Sheldon,very easy
235,Procession of the Knights,Don Brubaker ,very easy
236,Qin Shi's Stone Army,Tyler Arcari,very easy
237,Quest for the Throne,Larry Clark,very easy
238,Rainbow's End,Susan H. Day,very easy
239,Raindrop Serenade,Lauren Bernofsky,very easy
240,Ravenwood Castle,Kathryn Griesinger,very easy
241,Rays of Light,George Sweet,very easy
242,The Red Lion,Jeremy Woolstenhulme,very easy
243,Retro Romp,Kari Zamora,very easy
244,Rightly Low,Michael Hopkins,very easy
245,Ring of Fire,Kathryn Griesinger,very easy
246,Rite at Stonehenge,Elliot Del Borgo,very easy
247,Robot Factory,Chris M. Bernotas,very easy
248,Rogue's Revenge,Michael Blackwood,very easy
249,Rosintown Rock,Benjamin P. Snoek,very easy
250,A Russian Winter,Doug Spata,very easy
251,Sailors' Song,Mark Williams,very easy
252,Sailors of the Blue,Susan Day,very easy
253,Salsa Fest!,George T. Frueh ,very easy
254,Samba del Sol,Doug Spata ,very easy
255,Sanctus,Traditional/arr. Robert W. Smith,very easy
256,Sea Venture,Todd Parrish,very easy
257,Secret Passage,Frank J. Halferty,very easy
258,Shadow Dance,Richard Meyer,very easy
259,"Shake, Shake, Shake",Ingrid Koller,very easy
260,Siberian Hunt,Aaron Fryklund,very easy
261,The Silver Canoe,Lorie Gruneisen,very easy
262,The Silver Forest,Stephen Chin,very easy
263,Sixteen Sensations,Stephen Chin,very easy
264,Sky Islands,Todd Parrish,very easy
265,Sky Suite,Katie O'Hara LaBrie,very easy
266,Skyline Rising,Kirt Mosier,very easy
267,Sneaking Suspicion,Doug Spata ,very easy
268,Snow Day!,Katie O'Hara LaBrie,very easy
269,Snowy Woods,James O. Lockett,very easy
270,Soar with the Dragons,Rob Romeyn,very easy
271,A Song For Peace,James Swearingen,very easy
272,Songbird,Yukiko Nishimura,very easy
273,Sourwood Mountain,arr. Bob Phillips,very easy
274,A Spark of Courage,Doug Spata,very easy
275,Sparkle City,George Sweet,very easy
276,Sparkle!,Kathryn Griesinger,very easy
277,Spires,Bud Woodruff,very easy
278,Spring at Last,Doug Spata,very easy
279,Sprinkles on Top!,George T. Frueh ,very easy
280,St. Lawrence Overture,Elliot Del Borgo,very easy
281,Star Dancer,Mark Williams,very easy
282,Storm,Soon Hee Newbold,very easy
283,Strawberry Jam Session,George T. Frueh,very easy
284,String Explosion,"RODGERS, F",very easy
285,String Shredder,Kevin Mixon,very easy
286,Subterranean,Kathryn Griesinger,very easy
287,Summer Blossoms,Kari Zamora,very easy
288,Summer Storm,Timothy J. Isham,very easy
289,Sunday Drive,Moxie Gibson,very easy
290,Supernova,Larry Clark,very easy
291,Superstar!,Timothy J. Isham,very easy
292,Sword Dance,Thoinot Arbeau/arr. Phillips,very easy
293,Tall Pines,Gene Williams,very easy
294,Three Buccaneers,Kathryn Griesinger,very easy
295,The Three Knights' Quest,Austin Isaac,very easy
296,Thunderstruck,Sean O'Loughlin,very easy
297,Time Machine,Richard Meyer,very easy
298,To Catch a Pickpocket,Chandra Lind,very easy
299,Tour of California,Alan Lee Silva,very easy
300,Trailblazing,Kathryn Griesinger,very easy
301,Treasure Island,Kathryn Griesinger,very easy
302,Tribal Dance,Brian Balmages,very easy
303,Tumbleweed Blues,George T. Frueh ,very easy
304,Turkey Season,Lorie Gruneisen ,very easy
305,Twelve Curtain Raisers,Stephen Chin,very easy
306,"Twelve Marvellous Miniatures, Volume 1",Stephen Chin,very easy
307,"Twelve Marvellous Miniatures, Volume 2",Stephen Chin,very easy
308,"Twelve Marvellous Miniatures, Volume 3",Stephen Chin,very easy
309,Twilight Dancers,Susan Day,very easy
310,Twilight Smiling,Larry Clark,very easy
311,Twinkling Stars,arr. Gary Gackstatter,very easy
312,Un Dedito,Thom Sharp,very easy
313,Uncharted Waters,Matthew R. Putnam,very easy
314,Velocity,Brian Balmages,very easy
315,Verdant Meadows,Bruce W. Tippette,very easy
316,The Viking Longship,Raymond Brown,very easy
317,A Viking's Tale,Chris Thomas,very easy
318,Wait Your Turn,Doug Spata,very easy
319,Walk of the Silent Zombies,Bob Phillips,very easy
320,Waltzing Strings,Bob Cerulli,very easy
321,Wexford Circle,Elliot Del Borgo,very easy
322,Winter Lights,Seth Bedford,very easy
323,Wisteria Waltz,Yukiko Nishimura,very easy
324,Woodland Park,Robert S. Frost,very easy
325,Yo Ho Ho!,Carrie Lane Gruselle,very easy
326,Zombie Dance,Michael Story,very easy
327,Academic Festival March,Katie O'Hara LaBrie,easy
328,Accents,Robert Frost,easy
329,Accidental March,Alan Bernstein ,easy
330,Adoration,Bud Woodruff,easy
331,Adventure,Liam Ramsey-White,easy
332,Adventure in India,Kevin Mixon,easy
333,Aeolian Adventure,Joseph Compello,easy
334,Afterthoughts,Brian Balmages ,easy
335,Air and Caprice,Larry Clark,easy
336,Alegria,Janelle Zook Cunalata ,easy
337,Alison's Waltz,Bob Phillips,easy
338,All Through the Night,Traditional/arr. Rob Romeyn,easy
339,Allegro Festivo,Brian Holmes,easy
340,Allegro Gustoso,Jeremy Woolstenhulme ,easy
341,Alpine Valley,Andy Reiner,easy
342,Anaconda,Chris M. Bernotas,easy
343,Ancient Ritual,Elliot Del Borgo,easy
344,Angel Echoes,Larry Clark,easy
345,Apache,Carold Nunez,easy
346,Apache Peak,Susan H. Day,easy
347,Appalachian Sojourn,Bud Woodruff,easy
348,Appalachian Sunrise,Doris Gazda,easy
349,Arctic Crossing,Becky Phillips Bush,easy
350,Arkansas Otter,Bud Woodruff,easy
351,Armor of the Mystic,Rob Grice,easy
352,As Shadows Fall,Rob Romeyn,easy
353,The Ascent,Tanner Otto,easy
354,Aspen Glow,Susan H. Day,easy
355,Atishbaji,Doug Spata,easy
356,Atlantic Crossing,Alan Lee Silva,easy
357,Autumn Overture,Cindy Hill,easy
358,Autumn Vows,Susan H. Day,easy
359,Autumn Waltz,Yukiko Nishimura,easy
360,Avatar,Doug Spata,easy
361,Battle of the Ancient Dragons,Rob Grice,easy
362,Battlesong,Randall Standridge/arr. J. Cameron Law,easy
363,"Be Still, My Soul",Jean Sibelius/arr. Robert Longfield,easy
364,Bears in the Moonlight,Bud Woodruff,easy
365,Beauteous Spirit,Michael Kamuf,easy
366,Beyond the Thunder,Deborah Baker Monday,easy
367,Bingo,Ethan Epple,easy
368,Bio Rhythms,Richard Meyer,easy
369,Black Diamond,Robert Longfield,easy
370,Black River Ballad,Doris Gazda ,easy
371,Blue Ridge Run,Alan Lee Silva,easy
372,Bohemian Dance,David Bobrowitz/arr. J. Cameron Law,easy
373,Bolero de Strings,Thom Sharp,easy
374,Bollywood Strings,Julie Lyonn Lieberman,easy
375,Boots and Saddle,Keith Sharp,easy
376,Bounding,Bud Woodruff,easy
377,Bow Olympics,Katie O'Hara LaBrie,easy
378,Bowless Beguine,Doug Spata,easy
379,Brave Fires,Caryn Wiegand Neidhold,easy
380,The Bronze Age,Jeremy Woolstenhulme,easy
381,Burst!,Brian Balmages,easy
382,Bushranger's Ballad,Loreta Fin,easy
383,Butterflies at Night,Chris Campbell,easy
384,C Serpents,Andrew H. Dabczynski ,easy
385,Cal's Jig,Bill Calhoun,easy
386,Call of Heroes,Christian A. Williams,easy
387,Calypso Coupe,Carrie Lane Gruselle ,easy
388,Camelot Quest,Katie O'Hara LaBrie,easy
389,A Can-Can Festival,Jacques Offenbach/arr. Todd Parrish,easy
390,Cancion del Amor,Tim McCarrick,easy
391,Canyon Sunset,John Caponegro,easy
392,Canzone,Todd Parrish,easy
393,Capriccio,Larry Clark ,easy
394,Caribbean Capers,Elliot Del Borgo ,easy
395,Carnival Carousel,Adrian Gordon,easy
396,The Castle Dragon,Cindy Hill,easy
397,Cedar Hollow,Bud Woodruff,easy
398,Cello Rondo,M. L. Daniels,easy
399,A Celtic Concerto Grosso No. 1,Stephen Chin,easy
400,Celtic Sunrise,Soon Hee Newbold,easy
401,Celtica,Brian Balmages,easy
402,Central Park Waltz,Gregory Singer,easy
403,Centrifuge,Kathryn Griesinger,easy
404,Chant and Ritual Dance,Joseph Compello,easy
405,Chaps 'n Spurs,Susan Day,easy
406,Chasing the Storm,Deborah Baker Monday,easy
407,Cherokee Legend,Steven J. Campbell,easy
408,A City in the Clouds,George Sweet,easy
409,Cliffs of Moher,Susan Day,easy
410,Le Froid de l'Hiver,Soon Hee Newbold,easy
411,Colors in Bloom,David Bobrowitz,easy
412,Conquest,Jeremy Woolstenhulme,easy
413,Contredanse,Larry Clark,easy
414,Convidando esta la noche,Juan Garcia de Zespedes/arr. Daniel Bukin,easy
415,Corozal Nights,Doug Spata,easy
416,Country Hoedown,Soon Hee Newbold,easy
417,Crossing Pirates' Cove,Deborah Baker Monday,easy
418,Curtain Up!,"Brian Balmages, Lauren Bernofsky, Carrie Lane Gruselle & Soon Hee Newbold",easy
419,Dance Rhythmico,Jeff Frizzi ,easy
420,Dance Scenario,Elliot Del Borgo,easy
421,Dark Dreams,Sean O'Loughlin,easy
422,Dark Frontier,John M. Pasternak,easy
423,Dark Visions,Kevin Mixon ,easy
424,Dayspring,Michael Kamuf,easy
425,Debut for Strings,Kenneth Baird,easy
426,Desert Sands,Soon Hee Newbold,easy
427,Desert Sunrise,James Lockett,easy
428,Diana the Huntress,Jeremy Woolstenhulme,easy
429,A Distant Light,James Swearingen,easy
430,Distant Shores,Peter Terry,easy
431,Divertimento in G,Jeremy Woolstenhulme,easy
432,Dolce,Chris M. Bernotas,easy
433,Doppler Effect,Sean O'Loughlin,easy
434,Dorchester Street Songs,Gregg Porter,easy
435,Dorian Variations,Mark Williams,easy
436,Dorian's Barn,Bud Woodruff,easy
437,Dos Fuegos,Robert Sieving,easy
438,Dragon Dances,Soon Hee Newbold,easy
439,Dragon's Tail,Sean O'Loughlin,easy
440,Dramatic Essay,Mark Williams,easy
441,Dreamcatcher,Robert Buckley,easy
442,Dusk in the Forest,Kirt Mosier,easy
443,Eagle's Pride,Susan H. Day,easy
444,Eclipsys,Sean O'Loughlin,easy
445,Edge of Silence,Clarence Barber,easy
446,El Gato Pizzicato,Richard Meyer,easy
447,El Toro,Don Brubaker,easy
448,Elasticity,Cyndee Giebler ,easy
449,The Elephant's Trumpet,Clarence Barber,easy
450,Ember Dance,Erica Donahoe,easy
451,The Enchanted Forest,Adrian Gordon,easy
452,Engines of Resistance,Larry Clark,easy
453,Enigma,Ben Snoek,easy
454,Entrance March for String Orchestra,Richard Chiarappa,easy
455,Epic Adventure,Kathryn Griesinger,easy
456,Escalation,Sean O'Loughlin,easy
457,Escapades,David Hinds,easy
458,Escape,Kevin Sluder,easy
459,Evening Dusk,Yukiko Nishimura,easy
460,Eventide,William Henry Monk/arr. Michael Kamuf,easy
461,Falconer,Doug Spata,easy
462,Fan Dance,Soon Hee Newbold,easy
463,Fandango,Robert D. McCashin ,easy
464,Fandango Festival,Victor Lopez,easy
465,Fanfare and Coronation,Richard Meyer,easy
466,Fanfare for Strings,Doris Gazda,easy
467,Fantasy on a Japanese Folk Song,Brian Balmages ,easy
468,Fernwood,George Sweet,easy
469,A Festive Carousel,David Hinds,easy
470,Festive Intrada,Scott Watson,easy
471,Fiddlers Three,Robert Buckley,easy
472,Fiesta,Kenneth Baird ,easy
473,Final Expedition,Bruce W. Tippette,easy
474,Final Expedition,Bruce W. Tippette,easy
475,Find My Friends,arr. Xinyu (Maggie) Francis-Ma,easy
476,Finn McCool,Robert Buckley,easy
477,Fire in the Bow,Brian Balmages,easy
478,First Light,Alan Lee Silva,easy
479,Five Before Beethoven,Brian Balmages,easy
480,Flourish,"Feldstein, Clark and Laurett",easy
481,Flying Fiddlesticks,Jeremy Woolstenhulme,easy
482,Fond Memories,Bud Woodruff,easy
483,Forest Hills Folk Suite,Bob Phillips ,easy
484,Fortune Favors the Bold,Matthew R. Putnam,easy
485,Forward West,Brandon Bangle,easy
486,Freaky Forest,Michael Hopkins,easy
487,Funky Fiddles,Timothy J. Isham,easy
488,Furusato,Teiichi Okano/arr. Yukiko Nishimura,easy
489,Gaelic Castle,Soon Hee Newbold,easy
490,Gargoyles,Doug Spata,easy
491,Gauntlet,Doug Spata,easy
492,The Girl I Left Behind Me,Traditional/arr. Sandra Dackow,easy
493,Go for Launch,Kevin Sluder,easy
494,Gobi Warriors,Stephen Chin,easy
495,Grand Pursuit,Michael Kamuf,easy
496,The Great Conquest,Bruce W. Tippette,easy
497,Greater Than...,Brian Balmages,easy
498,Groundhog's Revenge,Seth Gamba,easy
499,Guest Soloist,Richard Meyer ,easy
500,Gypsy Tale,Soon Hee Newbold,easy
501,A Gypsy's Life,Susan H. Day,easy
502,Harrowland,Doug Spata ,easy
503,Harvest Moon,Larry Clark ,easy
504,Haunted Bridges,Aaron Fryklund,easy
505,The Haunted Carousel,Soon Hee Newbold,easy
506,Heart in the Highlands,Stephen Chin,easy
507,Heroic Adventure,Kenneth Baird ,easy
508,Highland Celebration,Alan Lee Silva,easy
509,Highlander's Pride,Carl Strommen,easy
510,Horseshoe Falls,Janelle Zook Cunalata,easy
511,Huevos Rancheros,George T. Frueh,easy
512,Hunter's Moon,Doug Spata,easy
513,Hunters of Avatar,Mark Wood,easy
514,Ice Mountain,Stephen Chin,easy
515,Ice Storm,Matthew Gelfer,easy
516,Impravada,David Shaffer,easy
517,In a Quiet Place,Bill Calhoun,easy
518,Integrity,Larry Clark ,easy
519,Intensity,Sean O'Loughlin,easy
520,Interlude Nightfall,Yukiko Nishimura,easy
521,Into the Stars,Anthony Granata,easy
522,An Irish Farewell,Turlough O'Carolan/arr. Deborah Baker Monday,easy
523,Ironclad,Sean O'Loughlin ,easy
524,Isle of Skye,arr. Michael J. Miller,easy
525,Journey,Eugenia Goldman,easy
526,Journey,Karel Butz,easy
527,Joust,Richard Meyer,easy
528,Jurassic Rock,Katie O'Hara LaBrie,easy
529,Just So in the North,Ignatius Sancho/arr. Dion Morales,easy
530,Kentucky Mountain Hoedown,arr. Mekel Rogers,easy
531,Kilimanjaro,Alan Lee Silva,easy
532,Kinetic,Shirl Jae Atwell ,easy
533,Kinetic Energy,Larry Clark,easy
534,King's Court,Susan Day,easy
535,Kingsbridge March,William Dyson,easy
536,Knight Racers,Sean O'Loughlin,easy
537,L'Improviste Vignette,Michael Kamuf,easy
538,L'automne,Ruth Elaine Schram,easy
539,La Mariposa,Lorrie Baum,easy
540,Labyrinth,Vance Zuehlsdorff/ed. Law,easy
541,Lady of the Lake,Jeremy Woolstenhulme,easy
542,Las Mariposas Exoticas,Doug Spata,easy
543,Le Printemps,Ruth Elaine Schram,easy
544,Legacy,Sean O'Loughlin ,easy
545,The Legend of Dorian,Jeremy Woolstenhulme,easy
546,Legend of the Knight,Chris Thomas,easy
547,Liberty March,James Kazik,easy
548,Lightning Catcher,Peter Terry,easy
549,A Little Jaunting,Kevin Sluder,easy
550,Little Symphony,Carold Nunez,easy
551,Live On,Larry Clark,easy
552,The Lost City,Seth Gamba,easy
553,Ludwig's Dance Party,James Kazik,easy
554,Luminescence,Alan Lee Silva ,easy
555,Lyric Piece,Donald Coakley,easy
556,Mabel Creek Overture,"HARBINSON, W",easy
557,Machinations,Timothy J. Isham,easy
558,Magma,Larry Clark ,easy
559,Majesty,R. Scott Whittington,easy
560,March of the Intrepid,Susan H. Day ,easy
561,March of the Shadows,Brian Balmages,easy
562,March of the Wood Elves,Doug Spata,easy
563,Masquerade,Doug Spata,easy
564,Masquerade Waltz,Chris Thomas,easy
565,A Matter of Time,Doug Spata,easy
566,Measured Tones,Alan Lee Silva,easy
567,Mechanisms,John Caponegro ,easy
568,Meditation and Ritual,Bill Calhoun,easy
569,Midnight Tango,William Pordon,easy
570,A Midwinter Fantasy,Gustav Holst/arr. Morgan Denney,easy
571,A Million Miles Away,Francis Caravella,easy
572,Miniature Mambo,Doug Spata,easy
573,A Mission to Mars,Jeffery Frizzi,easy
574,Mississippi Minstrel,Kari Zamora,easy
575,Misty Cavern,Jim Kazik,easy
576,Modal Festival,Gerry Marsh,easy
577,Momentous,Brian Balmages,easy
578,Momentum,Robert Longfield,easy
579,Monster Mambo,Lauren Bernofsky,easy
580,Montego Bay,Susan H. Day,easy
581,Moonlit Skies,Sean O'Loughlin,easy
582,Morning,Leonard Ingrande,easy
583,Morning at the Ranch,Cindy Hill,easy
584,Mountain Hymn,Janelle Zook Cunalata,easy
585,Mountain Run,Liam Ramsey-White,easy
586,Mystery Dance,David L. Hinds,easy
587,Mystic Dances,Jeff Frizzi ,easy
588,Mystic Forest,Bruce W. Tippette,easy
589,Nebula,David Bobrowitz,easy
590,Neon Beat,Doug Spata,easy
591,A New Dawn,Lorrie Baum,easy
592,Night Ride,Deborah Baker Monday ,easy
593,Night Shift,Richard Meyer,easy
594,Nightrider,Richard Meyer,easy
595,No Bow Blues,Alex P. Dudley,easy
596,No Worries,Thom Sharp,easy
597,North Country Legend,Mark Williams,easy
598,Northwestern Skies,Alan Lee Silva,easy
599,Ode To Joy,Beethoven /arr. Paul Barker,easy
600,On the Open Seas,Susan H. Day,easy
601,One Bow Concerto,Richard Meyer,easy
602,One Step at a Time,Loreta Fin,easy
603,Out of the Winter,Larry Clark,easy
604,Over the Rolling Downs,Anne Svendsen,easy
605,Pagodas by the Heavenly Lake,Stephen Chin,easy
606,Path of Mirkwood,Jeffrey Frizzi,easy
607,Penguins on Parade,Susan H. Day,easy
608,Percentage of Error,Jeremiah Clarke/arr. Bob Phillips,easy
609,Petite Tango,Casimer Kriechbaum,easy
610,Phantom's Night,Joshua Reznicow,easy
611,A Pioneer's Tale,Alan Lee Silva ,easy
612,Pirate's Code,Steven J. Campbell,easy
613,A Pirate's Plunder,Neridah Oostenbroek,easy
614,The Polka Dot Polka,Richard Meyer,easy
615,Portal Gates,Larry Clark,easy
616,Presto!,Robert Sheldon,easy
617,Primula,Yukiko Nishimura,easy
618,Pulse,Robert Buckley,easy
619,Puppet Theatre,David Bobrowitz,easy
620,Quest for the Throne,Larry Clark,easy
621,Rain Festival,Jeremy Woolstenhulme ,easy
622,Rays of Light,George Sweet,easy
623,Reflections,"Feldstein, Clark and Laurett",easy
624,Regal Overture,Michael Hopkins,easy
625,Resilience,Chris M. Bernotas,easy
626,Resolute,Todd Parrish,easy
627,Revelry,Bud Caputo,easy
628,Reverie,Susan Day,easy
629,Riders in the Night,Soon Hee Newbold,easy
630,Riverwind,George Sweet,easy
631,Rogue's Revenge,Michael Blackwood,easy
632,Round Dance,Andrew Levin,easy
633,Rustic Dance,Elliot Del Borgo,easy
634,Sagebrush,James Curnow ,easy
635,Sahara Crossing,Richard Meyer,easy
636,Sailing,Bud Woodruff,easy
637,Scherzo Rustique,Cesar Cui/arr. Steve Coldiron,easy
638,Science Friday,Lorie Gruneisen,easy
639,Scotney Hall,David Hinds,easy
640,Scottish Bobber,Larry Clark,easy
641,Secret Agent,Kathryn Griesinger,easy
642,Secret World,Michael Hopkins,easy
643,Sequoia,Brian Holmes,easy
644,Serenity,Bruce W. Tippette,easy
645,A Sertaneja,Fransisca Chiquinha Gonzaga/arr. Dion Morales,easy
646,Seville,Leonard Ingrande,easy
647,Ships of Ireland,Soon Hee Newbold,easy
648,Shipwreck Coast,Erica Donahoe,easy
649,The Siege,Christian A. Williams,easy
650,Silhouettes,Alan Lee Silva ,easy
651,Silver Moon,Yukiko Nishimura,easy
652,Sinfonietta for Strings,Anthony Granata,easy
653,Snowfall at Dusk,Aaron Fryklund,easy
654,Snowflake,Yukiko Nishimura,easy
655,Soaring Eagle,Cindy Hill,easy
656,Sonata Vivant,Elliot Del Borgo,easy
657,Sonatine,"
Elliot Del Borgo",easy
658,A Spark of Courage,Doug Spata,easy
659,Sparks,Chris M. Bernotas,easy
660,Spoon River,Percy Aldridge Grainger/arr. Michael Story,easy
661,Spring Breezes,arr. Richard Meyer,easy
662,Spy Vs. Spy,Matt Turner,easy
663,Stamp and Dance,Virginia Croft,easy
664,Starfleet,Richard Meyer,easy
665,Sticky Waltz,Pixel,easy
666,Stone Mountain Stomp,Carl Strommen,easy
667,Stony Bridge Escape,Kirt Mosier,easy
668,Storm Chaser,Kevin Mixon ,easy
669,Storm Surge,Seth Gamba,easy
670,Storm the Gates,Alan Lee Silva,easy
671,Streets of Shilin,William Owens,easy
672,String Gym,Stephen Chin,easy
673,A Stroll in the Park,William Moats,easy
674,Summer Daze,Thom Sharp,easy
675,Sunburst,Alan Lee Silva,easy
676,Sunset Overture,Lorrie Baum,easy
677,The Swans of Lir,Stephen Chin,easy
678,Tangents for Strings,Robert W. Smith/ed,easy
679,Tangled Tango,Steven L. Rosenhaus,easy
680,Tango D'amour,Susan Day,easy
681,Tango Mariana,Joseph Compello ,easy
682,Tango del Sol Brilliante,Eric B. Davis,easy
683,Temple Raider,"Mark Hillegass, Jr",easy
684,That Joyful Day,arr. William Camphouse,easy
685,The Garden,Tyler Arcari,easy
686,Theme with Academic Variations,Traditional/arr. Jeffrey S. Bishop,easy
687,Three Scenes from a Green Valley,"HARBINSON, W",easy
688,Thunderous,Victor Lopez,easy
689,Thunderstruck,Sean O'Loughlin,easy
690,Time Machine,Richard Meyer,easy
691,"To B, or Not to B?",Katie O'Hara LaBrie,easy
692,To the Palace of Light,Stephen Chin,easy
693,Toccatina,William Hofeldt,easy
694,Tortuga Island,David Hinds,easy
695,Tradewinds,Kathryn Griesinger,easy
696,Treasure Island,Kathryn Griesinger,easy
697,Turbulence,William Owens ,easy
698,Twinkling Stars,arr. Gary Gackstatter,easy
699,Two Modal Sketches,John O'Reilly,easy
700,"Uno, Dos, Bass!",Richard Meyer,easy
701,Valkyrie,Liam Ramsey-White,easy
702,Valse Diabolique,Joseph Compello,easy
703,Variations on an Irish Tune,Brian Balmages,easy
704,Venetian Boat Song,Bob Cerulli,easy
705,Venom,Erica Donahoe,easy
706,Viking,Soon Hee Newbold,easy
707,Viking,Soon Hee Newbold,easy
708,Violento,Victor Lopez,easy
709,Voyager,Soon Hee Newbold,easy
710,Wait Your Turn,Doug Spata,easy
711,Water Dance,Jesselyn Joy Dudinsky,easy
712,Whiteout,Liam Ramsey-White,easy
713,Wild Western Frontier,Soon Hee Newbold,easy
714,Wildfire,Kathryn Griesinger,easy
715,Wind Dancer,Chris M. Bernotas,easy
716,Windchasers,Kathryn Griesinger,easy
717,Winds of Change,Jeffrey Frizzi,easy
718,The Winds of Summer,Kari Zamora,easy
719,Winstride,Doug Spata,easy
720,Winter Reverie,Kathryn Griesinger,easy
721,Winter Stars,Kathryn Griesinger,easy
722,Wondrous Flight,Bruce Tippette,easy
723,Wood's Bolero,Mark Wood,easy
724,Yesterday's Waltz,Kari Zamora,easy
725,Yorktown,Todd Parrish,easy
726,Zuma Breakers,Doug Spata,easy
727,(You Are) Amazing,Brian Balmages,medium-easy
728,A Pirates' Celebration,Dennis Eveland,medium-easy
729,Abendstern,Lauren Bernofsky,medium-easy
730,Aberrations,Anthony Granata,medium-easy
731,Ablaze,Chris M. Bernotas,medium-easy
732,Acadia First Light,Andrew H. Dabczynski,medium-easy
733,Across the Lake,Mark Revell,medium-easy
734,Across the Wind,Doug Spata ,medium-easy
735,Adra's Dance,Brendan McBrien,medium-easy
736,Adventure on the High Seas,Lorie Gruneisen ,medium-easy
737,Adventures of Stringman,Richard Meyer,medium-easy
738,Aeolian Storm,Cindy Hill,medium-easy
739,African Adventure,Robert Sheldon,medium-easy
740,After the Rain,Susan H. Day,medium-easy
741,Afterburn,Randall Standridge/ed. J. Cameron Law,medium-easy
742,Afterburn,Brian Balmages,medium-easy
743,Aggressivo,Randall Standridge/ed. J. Cameron Law,medium-easy
744,Agincourt,Doug Spata,medium-easy
745,Ain't Got No Penguin Blues,Sarah Siegler,medium-easy
746,Air and Dance,M. L. Daniels,medium-easy
747,Air for Buenos Aires,Chris Thomas,medium-easy
748,Alegria!,Bud Woodruff,medium-easy
749,American Horizons,Traditional/arr. Deborah Baker Monday,medium-easy
750,American Landscape,Soon Hee Newbold,medium-easy
751,American Princess,Bob Phillips,medium-easy
752,Ancient Flower,Yukiko Nishimura ,medium-easy
753,Ancient Scottish Air,arr. Seth Bedford,medium-easy
754,And All Creatures Sang,Stephen Chin,medium-easy
755,Ante Meridian,Todd Parrish,medium-easy
756,Appalachian Celebration,Gary Fagan,medium-easy
757,Apparitions,Doug Spata,medium-easy
758,April,Jeremy Woolstenhulme,medium-easy
759,Archaic Voices,Doug Spata,medium-easy
760,Arco Polo for Multi-Level Orchestra,Ingrid Koller,medium-easy
761,Arctic Fire,Stephen Chin,medium-easy
762,Arith-Metric No. 1 for Strings,Brian Balmages,medium-easy
763,Armory for Strings and Percussion,Randall D. Standridge,medium-easy
764,As Twilight Falls,Robert Sheldon ,medium-easy
765,As You Fly,Ruth Brittin,medium-easy
766,Aspire,Bob Phillips,medium-easy
767,Assemble the Minions!,Jeffrey S. Bishop ,medium-easy
768,Atlantic Crossing,Alan Lee Silva,medium-easy
769,Aurora Borealis,Michael Hopkins,medium-easy
770,Autumn Aria,Jeremy Woolstenhulme,medium-easy
771,Avalon Rising,Doug Spata,medium-easy
772,The Bachaneer,Jeffrey E. Turner ,medium-easy
773,Back at Home,Bud Woodruff,medium-easy
774,Baile de la Primavera,Dennis Eveland,medium-easy
775,Barnstormer,Brent D. Smith,medium-easy
776,Battle of the Bows,Chris Thomas,medium-easy
777,Bavarian Rhapsody,David Shaffer,medium-easy
778,Beale Street Strut,Doug Spata ,medium-easy
779,Beneath the Irish Sky,Peter Terry,medium-easy
780,Berceuse,Alexander Ilynsky/arr. Michael J. Miller,medium-easy
781,Beyond the Horizon,Bud Woodruff,medium-easy
782,Big Sky Country,Susan H. Day,medium-easy
783,Black Knight,Ian Edlund,medium-easy
784,Blue-Fire Fiddler,Soon Hee Newbold,medium-easy
785,Blue Rhythmico,Kirt N. Mosier,medium-easy
786,Blue Ridge Reel,Brian Balmages,medium-easy
787,Bluebell,Yukiko Nishimura,medium-easy
788,Bluebonnet Field,Cindy Hill,medium-easy
789,Brigids Fire,"BISHOP, J",medium-easy
790,Broken Runes,Doug Spata,medium-easy
791,By Dawn's Early Light,David Shaffer,medium-easy
792,Cakewalk,Hershy Kay/arr. Longfield ,medium-easy
793,Call Sixteen,Amy Riebs Mills,medium-easy
794,Calypso Sea,Soon Hee Newbold ,medium-easy
795,Campfire Stories,Cindy Hill,medium-easy
796,A Can-Can Festival,Jacques Offenbach/arr. Todd Parrish,medium-easy
797,Canaan Land and the Good Old Way: Hymns from the Sacred Harp Tradition,Ether M. Brown & William Walker/arr. Daniel Levitov,medium-easy
798,Canon in B Muse,"ATWELL, S",medium-easy
799,Carpathia,William Owens,medium-easy
800,Carpe Diem,Richard Meyer,medium-easy
801,Catharsis,Amy Cann/arr. Phillips ,medium-easy
802,Cathode Rays,Matthew Gelfer,medium-easy
803,Celebration for a New Day,Bob Phillips ,medium-easy
804,Celtic Dreaming and Dance,Stephen Chin,medium-easy
805,Celtic Roots,Soon Hee Newbold,medium-easy
806,Chanson and Nocturne,Richard Meyer,medium-easy
807,Charming Czardas,Loreta Fin,medium-easy
808,The Chase,David Shaffer,medium-easy
809,Chasing Shadows,Michael Kamuf,medium-easy
810,Chicken Cha Cha,Thom Sharp,medium-easy
811,Chinese Folk Song Suite,arr. Chen Yi,medium-easy
812,Circle of Rhythm,Reynard Burns,medium-easy
813,Cloud Dance,Thom Sharp,medium-easy
814,The Code,Alan Lee Silva,medium-easy
815,Cold Fusion,Peter Terry,medium-easy
816,Colors of Home,Alan Lee Silva,medium-easy
817,Coming Back,Tyler Arcari,medium-easy
818,Conquistador,Deborah Baker Monday,medium-easy
819,Contrasts in E Minor,Francis Feese,medium-easy
820,Coronation Fanfare,Zach Wallmark,medium-easy
821,Corozal Nights,Doug Spata,medium-easy
822,Courtly Two Step,Bud Woodruff,medium-easy
823,Creatures,Brian Balmages,medium-easy
824,Crusade,Vince Gassi ,medium-easy
825,Crusader,Doug Spata,medium-easy
826,Curse of Tortuga,Tyler Arcari,medium-easy
827,Curse of the Rosin Eating Zombies,Richard Meyer,medium-easy
828,Dance Diabolique,Jared Spears,medium-easy
829,Dance Suite for Strings,Maurice Whitney,medium-easy
830,The Dance of Iscariot,Kirt N. Mosier,medium-easy
831,Dancing Kites,Chris M. Bernotas,medium-easy
832,Danse Infernale,Elliot Del Borgo,medium-easy
833,Danza,Vaclav Nelhybel,medium-easy
834,Danza Espanola,Bob Phillips,medium-easy
835,Danza de mi Corazon,Steven L. Rosenhaus,medium-easy
836,Danza de mi Corazon,Steven L. Rosenhaus,medium-easy
837,Dark Adventure,Ralph Ford,medium-easy
838,Dark Imperium,Aaron Fryklund,medium-easy
839,The Day the Earth Shook,David Bobrowitz,medium-easy
840,Declarations,Jeffrey Bishop,medium-easy
841,Deerpath Triptych,William Hofeldt,medium-easy
842,Desert Winds,Tyler Arcari,medium-easy
843,Desiderata,Douglas Gibson,medium-easy
844,Dies Irae: Fantasia,Deborah Baker Monday ,medium-easy
845,Doppler Effect,Sean O'Loughlin,medium-easy
846,Double Trouble,Lauren Bernofsky,medium-easy
847,Dove's Vagary,Shirl Jae Atwell ,medium-easy
848,Down Easy Street,R. Scott Whittington,medium-easy
849,Dragon Fire,Susan H. Day,medium-easy
850,Dragonfly,Doug Spata ,medium-easy
851,Dream Engine,Larry Clark,medium-easy
852,Dreams of a Midsummer Night,Richard Meyer,medium-easy
853,Dreamscape,Carole Neuen-Rabinowitz,medium-easy
854,Drifting,Bruce W. Tippette,medium-easy
855,Dynamic!,Cindy Hill,medium-easy
856,Dynamism,Kathryn Griesinger,medium-easy
857,Dynasty,Kathryn Griesinger,medium-easy
858,The Eastern Shore,John Mock,medium-easy
859,Eat My (Rosin) Dust,Brian Balmages,medium-easy
860,Echelon,Kathryn Griesinger,medium-easy
861,El Gato Precario,Jeffrey Frizzi,medium-easy
862,Electric Sinfonia,Lauren Bernofsky,medium-easy
863,Electric Sinfonia,Lauren Bernofsky,medium-easy
864,Electron Dance,Mark Revell,medium-easy
865,Elegante,Susan H. Day ,medium-easy
866,Emerald Melodies,arr. Samuel Gelfer,medium-easy
867,Epic Adventure,Kathryn Griesinger,medium-easy
868,Eureka!,Keith Sharp,medium-easy
869,Evening Colors,Doug Spata,medium-easy
870,Evening Dusk,Yukiko Nishimura,medium-easy
871,The Evil Eye and the Hideous Heart,Alan Lee Silva,medium-easy
872,The Explorers,Keith Sharp,medium-easy
873,Fair Isle Walkabout,Sue Roberts Sharp,medium-easy
874,Falcon Ridge,Austin Isaac,medium-easy
875,Fantasia for Strings,Elliot Del Borgo,medium-easy
876,Fantasia on a Theme from Thailand,Richard Meyer,medium-easy
877,Fantasia on an Original Theme,Joseph Phillips,medium-easy
878,Fantasy on Amazing Grace,Robert Kerr,medium-easy
879,Farewell to Cavendish,Sarah Siegler,medium-easy
880,Feel the Fire,Catherine McMichael,medium-easy
881,Festival Fanfare,Kathryn Griesinger,medium-easy
882,A Fiddler's Fancy,Richard Meyer,medium-easy
883,Firefall,Daniel Fullman,medium-easy
884,"Firelight, Candlelight",Robert Sieving ,medium-easy
885,First Flight,Francis J. Caravella,medium-easy
886,Flight of the Blackhawks,Jeffrey Bishop ,medium-easy
887,Flowing in the Wind,Yukiko Nishimura,medium-easy
888,Forever Joyful!,Brian Balmages,medium-easy
889,G Force,Richard Meyer,medium-easy
890,Gallop of the Mist,Kirt Mosier,medium-easy
891,Garam Masala,Bob Lipton,medium-easy
892,Gemini,George Sweet,medium-easy
893,Geometric Dances,Richard Meyer,medium-easy
894,Get Reeling,Neridah Oostenbroek,medium-easy
895,Ghost Carnival,Erik Morales,medium-easy
896,The Gift,William Hofeldt,medium-easy
897,A Glimpse of Winter,Tyler S. Grant,medium-easy
898,Gondola,Cindy Hill,medium-easy
899,Green Rhythmico,Kirt Mosier,medium-easy
900,Halcyon,William Hofeldt,medium-easy
901,Heart of Fire,Lauren Bernofsky ,medium-easy
902,Hearts Remaining,Janelle Zook Cunalata,medium-easy
903,Heartstrings,Larry Clark,medium-easy
904,Helium,Richard Meyer,medium-easy
905,Hero's Journey,Soon Hee Newbold,medium-easy
906,Hero's Quest,Timothy J. Isham,medium-easy
907,Heroes Among Us,Gary Fagan,medium-easy
908,The Hidden,Robert Moore,medium-easy
909,Highland Cathedral,Michael Korb and Ulrich Roever/arr. James Kazik,medium-easy
910,The Highwire,Alan Lee Silva,medium-easy
911,Holes in Space,Mark Revell,medium-easy
912,Home Awaits,Anthony Susi,medium-easy
913,Hopak!,William Owens,medium-easy
914,Humble Heart,Larry Clark,medium-easy
915,Hunting the Wild Beast,Brian Balmages,medium-easy
916,Hymn for the Discouraged,Josh McInnish,medium-easy
917,Hyperdrive,Ralph Ford,medium-easy
918,Ice Sculptures,Brian Balmages,medium-easy
919,Ides of March,Sean O'Loughlin ,medium-easy
920,Ignite,Kathryn Griesinger,medium-easy
921,Impressions,"Feldstein, Clark and Laurett",medium-easy
922,In Memory of Ase,Douglas Gibson,medium-easy
923,In a French Garden,Richard Meyer ,medium-easy
924,In the Sun,Yukiko Nishimura,medium-easy
925,Incognito,Kathryn Griesinger,medium-easy
926,Inishowen,Sarah Siegler,medium-easy
927,Interlude Nightfall,Yukiko Nishimura,medium-easy
928,Intermezzo,Samuel Coleridge-Taylor/arr. Tai Fraction,medium-easy
929,Into Love's Light,M.L. Daniels,medium-easy
930,Intrada,Brian Balmages,medium-easy
931,Intrada for Strings,David Bobrowitz,medium-easy
932,Introspection,Carold Nunez,medium-easy
933,Irish Faire,Soon Hee Newbold,medium-easy
934,iRock,Jeffrey E. Turner ,medium-easy
935,Island Rhythms,Erica Donahoe,medium-easy
936,Isle of Destiny,Amy Barlowe,medium-easy
937,It Is Well,Kurt Heinecke,medium-easy
938,Janel's Prayer,Ric Flauding,medium-easy
939,Jazz Rhythmico,Kirt N. Mosier,medium-easy
940,Joshua's Lullaby,John Mock,medium-easy
941,A Joyous Celebration,Scott Watson,medium-easy
942,Jubilant Overture,Joshua Reznicow ,medium-easy
943,Juggernaut,Stephen Chin,medium-easy
944,Kinetic Dance,Jason Krug,medium-easy
945,Kinetic Energy,Larry Clark,medium-easy
946,Klondike Fiddles,Traditional/arr. Andrew H. Dabzynski,medium-easy
947,The Knight Errant,Alan Lee Silva,medium-easy
948,The Knight Errant,Alan Lee Silva,medium-easy
949,Knight's Quest,Soon Hee Newbold,medium-easy
950,Komorebi,Francis J. Caravella,medium-easy
951,L'ete,Ruth Elaine Schram,medium-easy
952,La Sortija,Michael S. O'Brien ,medium-easy
953,Lament,Bradley S. Hartman,medium-easy
954,Land of Dragons,Chris Thomas,medium-easy
955,Las Palmas,Bob Lipton ,medium-easy
956,Last Chance,Susan H. Day,medium-easy
957,The Last Leaf of Fall,Joseph Reding,medium-easy
958,The Last Rose of Summer,Jim Palmer/arr. Jim Palmer,medium-easy
959,The Late Heavy Bombardment,Kevin Sluder,medium-easy
960,Lavande,Yukiko Nishimura,medium-easy
961,Legacy,Bob Phillips,medium-easy
962,Legacy of Freedom,Michael Hopkins,medium-easy
963,Legend,David O'Fallon,medium-easy
964,Legend of the Ghost Stallion,Richard Meyer,medium-easy
965,Legends,"Feldstein, Clark and Laurett",medium-easy
966,Legends of Glory,Kathryn Griesinger,medium-easy
967,Legionary,Chris Thomas,medium-easy
968,Lincoln at Gettysburg,Andrew H. Dabczynski ,medium-easy
969,Lionheart,Benjamin P. Snoek,medium-easy
970,A Little Mischief Music,Chris Thomas,medium-easy
971,Lost Horizon,Thom Sharp,medium-easy
972,Lost Tomb of the Incas,Michael Story,medium-easy
973,The Low-Two Tango,Mark Barnard,medium-easy
974,Lullaby,William Hofeldt,medium-easy
975,Lullaby for Luca,Loreta Fin,medium-easy
976,Lullaby to the Moon,Brian Balmages,medium-easy
977,Luminosity,Liam Ramsey-White,medium-easy
978,Luna,Yukiko Nishimura,medium-easy
979,Luna's Diversion,Peter Sciaino,medium-easy
980,Lyric Piece,Donald Coakley,medium-easy
981,M to the Third Power,Carold Nunez,medium-easy
982,Magical Night Sky,Cesar Aviles,medium-easy
983,Mantras,Richard Meyer,medium-easy
984,March Triumphant,James Lockett,medium-easy
985,Mare Orientale,Yukiko Nishimura,medium-easy
986,Masquerade,Doug Spata,medium-easy
987,"Maybe, Maybe Not",Thom Sharp,medium-easy
988,Medieval Wars,Brian Balmages,medium-easy
989,Meer Winden,Bob Phillips,medium-easy
990,Midnight Rain,Susan H. Day,medium-easy
991,Midnight Storm,Erica Donahoe,medium-easy
992,Minor Altercations,Anthony Granata,medium-easy
993,Minstrel,Shirl Jae Atwell,medium-easy
994,Missing You,Anthony Susi/arr. J. Cameron Law,medium-easy
995,Modus a 4,Shirl Atwell,medium-easy
996,Moment at Angels Landing,Bob Phillips,medium-easy
997,Momentum,Richard Meyer ,medium-easy
998,The Monster Named Stretch,Anthony Granata,medium-easy
999,Moon Bass,Todd Parrish,medium-easy
1000,Moonglade,Tyler Arcari,medium-easy
1001,Moonlight Odyssey,Matt Turner,medium-easy
1002,Moonstone,Yukiko Nishimura,medium-easy
1003,Morning Dew,Yukiko Nishimura,medium-easy
1004,Moto Perpetuo,David Bobrowitz,medium-easy
1005,Mud Trudge,Liam Ramsey-White,medium-easy
1006,Mystical Portal,Jeremy Woolstenhulme,medium-easy
1007,Mythos,Soon Hee Newbold,medium-easy
1008,Nebula,David Bobrowitz,medium-easy
1009,Nomadic Journey,Carol Brittin Chambers,medium-easy
1010,Nordic Voyage,Erica Donahoe,medium-easy
1011,North Star to Freedom,Soon Hee Newbold,medium-easy
1012,North of the Mountain,Doug Spata,medium-easy
1013,Oak Hill,Samuel Gelfer,medium-easy
1014,Oblivion,Larry Clark,medium-easy
1015,Old Rocking Chair,Jeremy Woolstenhulme,medium-easy
1016,Ole Dan Tucker,arr. Shirl Jae Atwell,medium-easy
1017,On a Hymnsong of Philip Bliss,David Holsinger,medium-easy
1018,On the High Seas,Christopher Wheeler/arr. J. Cameron Law,medium-easy
1019,Orange Jam,Jeffrey S. Bishop,medium-easy
1020,Palladio,Karl Jenkins/arr. Robert Longfield,medium-easy
1021,Panorama Trail,Sean O'Loughlin,medium-easy
1022,Passacaglia,Gary Fagan,medium-easy
1023,Peripheral Visions,Alan Lee Silva,medium-easy
1024,Perpetual Fiddle Motion,Brian Balmages,medium-easy
1025,Perpetuum,Paul Barker,medium-easy
1026,Phantom Waltz,Chris Thomas,medium-easy
1027,Phantom's Night,Joshua Reznicow,medium-easy
1028,The Picnic: Watch Out for the B's,Ingrid Koller,medium-easy
1029,Pictures of Puget Sound,Alan Lee Silva,medium-easy
1030,Pieces of Eight,Richard Meyer,medium-easy
1031,Pinyon Mountain Trail,Daniel Lonie,medium-easy
1032,Pioneer Sky,Doug Spata,medium-easy
1033,A Pirates Legend,Soon Hee Newbold,medium-easy
1034,Pirates!,Mark Barnard,medium-easy
1035,Poe: Tales of the Macabre,Gary Fagan,medium-easy
1036,Possibilities...,Brian Balmages ,medium-easy
1037,Postcard from Mars,Lauren Bernofsky ,medium-easy
1038,Postcards from Russia,Carrie Lane Gruselle,medium-easy
1039,Power Shift,Kathryn Griesinger,medium-easy
1040,Prayer of St. Gregory,Alan Hovhaness/arr. Robert Longfield,medium-easy
1041,Primal Strings,Gary Fagan,medium-easy
1042,Processional,David Bobrowitz,medium-easy
1043,Quiet Music,"WAGNER, D",medium-easy
1044,Quintus,Larry Clark,medium-easy
1045,Relic,Erik Morales ,medium-easy
1046,Remote Control,Richard Meyer,medium-easy
1047,Renegade Showdown,Caryn Wiegand Neidhold,medium-easy
1048,Restless Spirit,Scott Whittington,medium-easy
1049,Rhapsodia,Benjamin P. Snoek,medium-easy
1050,Rhapsody No.1 for Wind Soloist and Strings,Scott Whittington,medium-easy
1051,Rhythms of Africa,Soon Hee Newbold,medium-easy
1052,Ride the Wind,Mark Wood,medium-easy
1053,Rise of the Olympians,Brian Balmages,medium-easy
1054,Rise of the Phoenix,Carlos Lalonde,medium-easy
1055,A Riverside Celebration,Brian Balmages,medium-easy
1056,Rondeau No. 3,Joseph Bologne/arr. Robert Debbaut,medium-easy
1057,Rosin Eating Zombies from Outer Space,Richard Meyer,medium-easy
1058,Rubicon,Doug Spata,medium-easy
1059,Rustic Dance,Chris Thomas,medium-easy
1060,Sacagawea,Brent D. Smith,medium-easy
1061,A Sailor's Journey,David Bobrowitz/arr. J. Cameron Law,medium-easy
1062,Saltarello,Loreta Fin,medium-easy
1063,Scherzo Dance,Kirt N. Mosier,medium-easy
1064,Schindler's List,John Williams/arr. Custer,medium-easy
1065,Sea of Stars,Liam Ramsey-White,medium-easy
1066,Serenade for String Orchestra,Norman Leyden,medium-easy
1067,Serenity,Shirl Jae Atwell,medium-easy
1068,Shadow Defenders,Katie O'Hara LaBrie,medium-easy
1069,Sheehan's Pub Band,Chris Thomas,medium-easy
1070,Shifting Sands,Bob Phillips,medium-easy
1071,Shores of Ireland,Susan H. Day,medium-easy
1072,"Shu, Egyptian God of Wind",Brendan McBrien,medium-easy
1073,The Siege,Christian A. Williams,medium-easy
1074,Siesta Dream,David Bobrowitz,medium-easy
1075,Sighting at Loch Ness,Gayley Hautzenroeder,medium-easy
1076,Sinfonia Song,Kirt N. Mosier,medium-easy
1077,Skeleton Waltz,Katie O'Hara LaBrie,medium-easy
1078,"Sleep, My Child",Larry Clark,medium-easy
1079,Sleepy Hollow,Leonard Ingrande,medium-easy
1080,Sleepy Walrus Waltz,Lynne Latham & Thom Sharp,medium-easy
1081,Small Overture,Bob Mathews,medium-easy
1082,A Soldier's Hymn,Soon Hee Newbold ,medium-easy
1083,Song of the Sea Mariner,Soon Hee Newbold ,medium-easy
1084,Songbirds,Loreta Fin,medium-easy
1085,Space Ninja,Noe Benitez,medium-easy
1086,Sparks,Chris M. Bernotas,medium-easy
1087,Sparta,Todd Parrish,medium-easy
1088,Spartacus,Brian Balmages,medium-easy
1089,Spiccato Palooza!,Richard Meyer,medium-easy
1090,Spider Dance,Michael Hopkins ,medium-easy
1091,Spirit of Colorado,Susan H. Day ,medium-easy
1092,Spirit of the American West,Soon Hee Newbold,medium-easy
1093,Sprites,Almon C. Bock II ,medium-easy
1094,Star Variants,Clarence Barber,medium-easy
1095,Star Variations,David Bobrowitz,medium-easy
1096,Star of the Sea,Mark Haas,medium-easy
1097,Stargazer,Robert Buckley,medium-easy
1098,Steeplechase,Brent D. Smith,medium-easy
1099,The Storm Chasers,Mark Lortz ,medium-easy
1100,Storm Flight,Steve Parsons,medium-easy
1101,Storm the Castle,Kirt N. Mosier,medium-easy
1102,String Players' Union,Gary Fagan,medium-easy
1103,Strollin',R. Scott Whittington,medium-easy
1104,Struggle in the Shadows,Brian Balmages,medium-easy
1105,Such Sweet Sorrow,Jeremy Woolstenhulme,medium-easy
1106,Summerside Morning,R. Scott Whittington,medium-easy
1107,Sunday Afternoon,R. Scott Whittington,medium-easy
1108,Sunset Overture,Lorrie Baum,medium-easy
1109,Surge,Bruce Tippette,medium-easy
1110,Swan Dancing,Larry Clark,medium-easy
1111,Swashbucklers Saga,Chris Thomas,medium-easy
1112,Sweet New Moon,Yukiko Nishimura,medium-easy
1113,Take Flight,Patrick Roszell,medium-easy
1114,Tales from Sherwood Forest,Robert S. Frost & Mary Elledge,medium-easy
1115,Tango Americana,William E. Moats,medium-easy
1116,Tango Por Uno,R. Anne Svendsen,medium-easy
1117,Tango of the Bulldogs,Bob Phillips,medium-easy
1118,The Tell-Tale Heart,Michael Story,medium-easy
1119,The Tempest,Robert W. Smith/arr. McCashin,medium-easy
1120,Terkisher Klezmer Fest,Julie Lyonn Lieberman ,medium-easy
1121,Terra Nova,Richard Meyer,medium-easy
1122,A Texas Sunset,Cindy Hill,medium-easy
1123,The Reel Deal,Chris M. Bernotas,medium-easy
1124,Then There Were Five,Loreta Fin,medium-easy
1125,Third Gear,Ben Easler,medium-easy
1126,Through Moanin' Pines,Henry Thacker Burleigh/arr. Dion Morales,medium-easy
1127,Thundersnow!,Katie O'Hara LaBrie,medium-easy
1128,Tico Tico,Zequinha de Abreu/arr. Lipton,medium-easy
1129,Tidal Moon,Sean O'Loughlin,medium-easy
1130,Time Traveler,Steve Parsons,medium-easy
1131,Toccata Desperata,Mark Barnard,medium-easy
1132,Today,Robert Gardner ,medium-easy
1133,Tradewinds,Kathryn Griesinger,medium-easy
1134,Turning Point,Robert Longfield,medium-easy
1135,Twilight Trax,Deborah Baker Monday ,medium-easy
1136,Twinkling Stars,arr. Gary Gackstatter,medium-easy
1137,Two Sea Shanties,Traditional/arr. John Mock,medium-easy
1138,Under a Winter Sky,Yukiko Nishimura,medium-easy
1139,Unleashed,Peter Terry,medium-easy
1140,Vanguard,Jiyoung Um,medium-easy
1141,Vanguard Overture,Richard Stephan,medium-easy
1142,A Venetian Serenade,Pierre La Plante ,medium-easy
1143,The Viol Habit,Paul W. Whear/arr. Jennifer Davenport,medium-easy
1144,Viola Country,Richard Meyer,medium-easy
1145,Viola Rampage,Timothy Isham,medium-easy
1146,Viral,Loreta Fin,medium-easy
1147,Virgo,George Sweet,medium-easy
1148,Viridescence,Alan Lee Silva,medium-easy
1149,Viva Los Conquistadores!,Deborah Baker Monday ,medium-easy
1150,Voila! Violas!,Susan H. Day,medium-easy
1151,Vortex,Robert Longfield,medium-easy
1152,Wars of the Roses,Stephen Chin,medium-easy
1153,Water In The Moonlight,Thomas Wiggins/arr. Daniel Bukin,medium-easy
1154,Wave Dancer,Alan Lee Silva,medium-easy
1155,Welcome Home,R. Christopher Teichler,medium-easy
1156,Western Dawn,Alan Lee Silva,medium-easy
1157,Western Waltz,Cindy Hill,medium-easy
1158,Westward Motion,Doug Spata,medium-easy
1159,What Dreams May Come,Erik Morales ,medium-easy
1160,When Robins Dance,Bob Phillips,medium-easy
1161,When the Summer Comes,Susan H. Day,medium-easy
1162,Whispers of Spring,Sean O'Loughlin,medium-easy
1163,White Heat,Stephen Chin,medium-easy
1164,Who's on Bass?,Karen Koger,medium-easy
1165,Wind Dancer,Chris M. Bernotas,medium-easy
1166,The Winter King,Doug Spata,medium-easy
1167,Winter Milky Way,Yukiko Nishimura ,medium-easy
1168,Winter Walk,Brendan McBrien,medium-easy
1169,Wipe Out,The Surfaris/arr. Sandra Dackow,medium-easy
1170,Wired,Lauren Bernofsky ,medium-easy
1171,Wood Splitter Fanfare,Brian Balmages,medium-easy
1172,Zombie Tango,James Meredith,medium-easy
1173,"Zoomies, a Virtual Concert",Johann Stamitz/arr. Bob Phillips,medium-easy
1174,221B Baker Street,Jeffrey Bishop,medium
1175,"30,000 and Forever",Brian Balmages,medium
1176,7th Street Beat,Lauren Bernofsky,medium
1177,Aboriginal Rituals,Elliot Del Borgo,medium
1178,Acrobats,Richard Meyer,medium
1179,Ad Astra,Richard Meyer,medium
1180,Adagio,Jose Serebrier ,medium
1181,Adieu,Todd Coleman,medium
1182,Adoramus Te,Paul Barker /arr. ,medium
1183,Adventurer's Dream,Bud Woodruff,medium
1184,Adventures In Wonderland,Paul Barker,medium
1185,Adventures on Bainbridge Island,Alan Lee Silva,medium
1186,Afternoon Soliloquy,Susan Day,medium
1187,Alice's Wonderland,David Bobrowitz,medium
1188,Alleluia,Ralph Manuel/arr. Katie O'Hara LaBrie,medium
1189,Alley Cats,Doug Spata,medium
1190,Along the Creek,Steve Parsons,medium
1191,Alpine Rush,Liam Ramsey-White,medium
1192,America's Cup,Alan Lee Silva ,medium
1193,American Reel,Kirt Mosier,medium
1194,Ancient Song and Dance,Joseph Achron/arr. Janice McAllister,medium
1195,Ancient Wonders Suite,Todd Parrish,medium
1196,Andalusian Adventure,Erica Donahoe,medium
1197,Apocalypse,Adrian Gordon,medium
1198,Appalachian Daybreak,Ben Snoek,medium
1199,Appalachian Festival,Chris Thomas,medium
1200,Arabian Dreams,Soon Hee Newbold,medium
1201,Arachnid's Lair,Kirt Mosier,medium
1202,Arcana,Doug Spata,medium
1203,Arcopolis,Michael Hopkins,medium
1204,Aria for Strings,Frank J. Halferty,medium
1205,Aria for Strings,Patrick Fata,medium
1206,Arioso,Michael Hopkins,medium
1207,Arlington Sketches,Elliot Del Borgo,medium
1208,Arrowhead,Doug Spata,medium
1209,Artemis Rising,Jeffrey S. Bishop,medium
1210,At the Fair,William E. Moats,medium
1211,Attitude,Thom Sharp,medium
1212,Autumn Harvest,Chris Thomas,medium
1213,Autumn Oak,Aaron Fryklund,medium
1214,Bauhaus,Andrew David Perkins,medium
1215,Bacchanale,Liam Ramsey-White,medium
1216,Backbone Trail,Sean O'Loughlin,medium
1217,Baile de Lila,Chris Thomas,medium
1218,Balalaika!,James Meredith,medium
1219,A Ballad of Inis Mor,Doug Spata,medium
1220,Baltic Dance,Kirt Mosier,medium
1221,The Banks of Green Willow,George Butterworth/arr. Robert Longfield,medium
1222,Barrington,Alan Lee Silva,medium
1223,Battle of Doro Passage,Kathryn Griesinger,medium
1224,Beating the Rapids,Bud Woodruff,medium
1225,Beauty and Fire,Chris Thomas,medium
1226,Belle Classique,Susan H. Day,medium
1227,Beyond the Shores of Avalon,Jeremy Bell,medium
1228,Birds on a Wire,Ted Allen/arr. J. Cameron Law,medium
1229,The Black Sea,Gary Gackstatter/ed. Dillon-Krass,medium
1230,Blackberry Blossom,Gary Gackstatter,medium
1231,Blindsighted,Peter Terry,medium
1232,The Blue Caves of Zakynthos,Doug Spata,medium
1233,Blue Lake Reflections,Ed Huckeby,medium
1234,Blue Mountain,Alexander Safford,medium
1235,Blue Sky Basin,Andy Reiner,medium
1236,Bold Venture,M. L. Daniels,medium
1237,Bollywood Strings,Julie Lyonn Lieberman,medium
1238,Boreas,Todd Parrish,medium
1239,Bossa Nova Triste,Mary Alice Rich,medium
1240,Brave Spirit,Randall Standridge,medium
1241,Bravery and Grace,George Sweet,medium
1242,Brevard Sketches,Elliot Del Borgo,medium
1243,A Broken Mirror,George Sweet,medium
1244,A Can-Can Festival,Jacques Offenbach/arr. Todd Parrish,medium
1245,Canyonland Skies,Deborah Baker Monday,medium
1246,Capriol Dances,Peter Warlock/arr. Caryn Wiegand Neidhold,medium
1247,Cascade,Bert Ligon ,medium
1248,Cave of the Winds,Robert Nathaniel Dett/arr. Devon Morales,medium
1249,Celtic Impressions,Steven L. Rosenhaus,medium
1250,Changes in Time,Darren Mitchell,medium
1251,The Changing Timepiece,Allen Molineux,medium
1252,Chapter One,Carold Nunez,medium
1253,Cherry Tree,Yukiko Nishimura,medium
1254,Chicharra,Nicolas Repetto,medium
1255,Chimera,Eric Davis,medium
1256,Chromarag,Tim Shackelton,medium
1257,Cincopations,Richard Meyer,medium
1258,"City Awakens, City Sleeps",David Bobrowitz,medium
1259,City of Steel,Doug Spata,medium
1260,Cityscapes,William E. Moats,medium
1261,Coffee,Almon C. Bock II ,medium
1262,Columbia River Suite,Doris Gazda,medium
1263,Complexus,Shirl Jae Atwell,medium
1264,Concertino for Cello and Strings,R. Scott Whittington,medium
1265,Confluence,Renata Bratt,medium
1266,Conquest,Paul Trapkus,medium
1267,Country Mile,Bob Latchaw,medium
1268,Crooked-Toe Walks the Deck,James Meredith,medium
1269,Curse of Tutankhamun,Michael Story,medium
1270,Dance of Youth,arr. Xinyu (Maggie) Francis-Ma,medium
1271,Dancing Waters,Sean O'Loughlin,medium
1272,Danse Carnivale,Randall Standridge/arr. J. Cameron Law,medium
1273,"Danse Negre: from African Suite, Op. 35",Samuel Coleridge-Taylor/arr. Daniel Bukin,medium
1274,Danza da Ballo,Kirt N. Mosier,medium
1275,Danza Oscura,Randall D. Standridge,medium
1276,Danza del Sonador,Thom Sharp,medium
1277,Darkened Shadows,Joshua Reznicow,medium
1278,Daybreak,Bud Woodruff,medium
1279,Days and Knights of Arundel,Scott Watson ,medium
1280,Deep Wood,Frank J. Halferty,medium
1281,Deliberate Diversions,Brian Balmages,medium
1282,Deus Strings,Paul Barker,medium
1283,Deviations,Christian A. Williams,medium
1284,The Devil's Tango,Leonard Ingrande,medium
1285,Dialogue for Double Bass and String Orchestra,Richard Chiarappa,medium
1286,Dies Irae,Karl Jenkins/arr. Paul Lavender,medium
1287,Dimensions,Paul Barker,medium
1288,Dolorium,Paul Barker,medium
1289,Dorian Dance,Michael W. Joy/arr. Jason Krug,medium
1290,Dotonbori Dash,Alan Lee Silva ,medium
1291,Downtown Funk,Michael Hopkins,medium
1292,Dragon-i,Paul Barker,medium
1293,Dramatica,Paul Barker,medium
1294,Dream Dancing,Carl Holmquist/ed. J. Cameron Law,medium
1295,Dreaming,Brian Balmages ,medium
1296,Dreamscape,Paul Barker,medium
1297,Drifen,Shirl Atwell,medium
1298,Drops of Sun,Sean O'Loughlin,medium
1299,The Eastern Shore,John Mock,medium
1300,Egyptian Legacy,Soon Hee Newbold ,medium
1301,El Gaucho,Bob Lipton,medium
1302,El Pollo Ricardo,Luis Alberto Fernandez/arr. David Scott,medium
1303,Elementa,Soon Hee Newbold,medium
1304,The Elements,Richard Meyer,medium
1305,Ellis Island,Alan Lee Silva,medium
1306,The Emperor's New Clothes,Francis Caravella,medium
1307,English Rondo,Jeffrey Hart,medium
1308,Escape the Lost City,Alan Lee Silva ,medium
1309,Escape!,R. Scott Whittington,medium
1310,Esperance,Catherine McMichael,medium
1311,Everything,Larry Clark,medium
1312,Falling Water,Yukiko Nishimura,medium
1313,Fanfare For Freedom - Special Edition,Paul Barker,medium
1314,"Fanfare, Fantasy, and Fugue",Richard Meyer,medium
1315,Fantasia Espanola,Soon Hee Newbold,medium
1316,Fantasia on a 17th Century Tune,Richard Stephan,medium
1317,Fantasia on an Original Theme,Liam Ramsey-White,medium
1318,Fantasia on the Alleluia Hymn,Elliot Del Borgo ,medium
1319,Far Away There in the Sunshine,Sarah Siegler,medium
1320,Faraway Place,William Hofeldt,medium
1321,A Festival Rondo,Richard Meyer,medium
1322,Festival,Carold Nunez,medium
1323,Fiddle Fury,Kathryn Griesinger,medium
1324,Fiddler's Fortune,arr. Bob Phillips & Renata Bratt,medium
1325,Final Ascent,Tim Shackelton,medium
1326,Fire Dance,Soon Hee Newbold,medium
1327,Fire in the Forge,Ted Allen,medium
1328,Fireball,Mark Wood,medium
1329,Firehouse Jig,Kirt Mosier,medium
1330,Firestorm,Liam Ramsey-White,medium
1331,Flight,Susan H. Day,medium
1332,Forest Incantations,Alan Lee Silva ,medium
1333,The Fortress of Shadows,Mark Barnard,medium
1334,"From Darkness, Joyful Sounds Are Born",Richard Meyer,medium
1335,Frost on the Plow,Samuel Gelfer,medium
1336,"Funky, Funky, Funky",Matt Turner,medium
1337,Furiant,Elliot Del Borgo,medium
1338,Furioso,Ron Castonguay,medium
1339,A Gaelic Overture,David O'Fallon,medium
1340,The Galaxies,Joel Pau,medium
1341,Galop,Brian Balmages,medium
1342,Gates of Valhalla,Joshua Reznicow,medium
1343,Gladiator's Glory,Chris Thomas,medium
1344,Gloria,Paul Barker ,medium
1345,Greater Than...,Brian Balmages,medium
1346,Green Rhythmico,Kirt Mosier,medium
1347,Happy Birthday Theme and Variations,Mildred S. Hill & Patty J. Hill/arr. Bud Caputo,medium
1348,Haunted Places,Brendan McBrien,medium
1349,Heroic Quest,Daniel Fullman,medium
1350,Hidden Dimensions,Michael Hopkins,medium
1351,Highland Air,R. Scott Whittington,medium
1352,The Highland Games,Jesselyn Joy Dudinsky,medium
1353,Hoedown Showdown,Neridah Oostenbroek,medium
1354,The Horizon,Yukiko Nishimura,medium
1355,Hosanna,Paul Barker ,medium
1356,Hungarian Variations,Susan H. Day ,medium
1357,I Remember,Susan Day,medium
1358,Ice Skater Dash,Cindy Hill,medium
1359,Impact,Bob Phillips,medium
1360,Imperial Procession,Erica Donahoe,medium
1361,In Memoriam,David Bobrowitz,medium
1362,In Search of the Sunken City,David Bobrowitz,medium
1363,In the Company of Angels,William Hofeldt,medium
1364,Incantations,Richard Meyer,medium
1365,Inferno,Stephen Chin,medium
1366,Intrigue,Sean O'Loughlin,medium
1367,Introduction and Allegro,Paul Mekailian,medium
1368,Invicta,Soon Hee Newbold,medium
1369,The Irish Blessing,Stephen Chin,medium
1370,Irish Legend,Robert Kerr & Soon Hee Newbold,medium
1371,Ironwork,Ted Allen,medium
1372,It Takes Two,Chris M. Bernotas,medium
1373,Jazz Waltz for Strings,Francis Feese,medium
1374,Jazzed Up & High Strung,Brian Holmes,medium
1375,Joshua's Lullaby,John Mock,medium
1376,Joyful Jig,Bob Latchaw,medium
1377,Jubilation!,Deborah Baker Monday,medium
1378,Jubilato,Paul Barker ,medium
1379,Juggernaut,Stephen Chin,medium
1380,Keltic Feast,Richard Meyer,medium
1381,La Bella Cubana,Jose White/arr. Robert Debbaut,medium
1382,La Espanola,Susan H. Day,medium
1383,Labyrinth,Christian A. Williams,medium
1384,The Labyrinth and the Mad King,Zach Wallmark,medium
1385,Leap of Faith,Randy Sabien ,medium
1386,The Legend of Big Ole,Steven Amundson,medium
1387,Legend of Sleepy Hollow,Richard Meyer,medium
1388,Legends of Valor,Deborah Baker Monday,medium
1389,Legionary,Chris Thomas,medium
1390,Leslie's Theme,Leonard Ingrande,medium
1391,Light in the Mourning,Mark Haas,medium
1392,Lion City,Soon Hee Newbold,medium
1393,Loonacy,Andy Reiner,medium
1394,Lullaby for the Martyrs,Andelena G. Jackson,medium
1395,Lux Angelis,Stephen Chin,medium
1396,Maharaja,Doug Spata,medium
1397,Matador,Susan H. Day,medium
1398,The Maze,Paul Barker,medium
1399,Meer Winden,Bob Phillips,medium
1400,Meteor Shower,Yukiko Nishimura,medium
1401,Midnight at the Mausoleum,Brent D. Smith,medium
1402,Mimosa Shower,Yukiko Nishimura,medium
1403,Minotaur,Richard Meyer,medium
1404,Miraj,Richard Meyer,medium
1405,Moment at Angels Landing,Bob Phillips,medium
1406,Momentium,Paul Barker,medium
1407,The Monkey Temple at Jaipur,Steven L. Rosenhaus,medium
1408,Moonlight Nocturne,Joshua Reznicow,medium
1409,Moonlight Odyssey,Matt Turner,medium
1410,Mountain Chase,Alan Lee Silva,medium
1411,Mulholland Elegy,Doug Spata,medium
1412,Mumbai,Bob Lipton,medium
1413,Murphy's Jig,Susan H. Day,medium
1414,Mustang Triumph,Sarah Siegler,medium
1415,Mystere,Shirl Jae Atwell,medium
1416,Mystic Lair,Sean O'Loughlin,medium
1417,Mystic Mountain,Chris Thomas,medium
1418,Mystic Rhapsody,Susan H. Day,medium
1419,Mystical Towers,Jeremy Woolstenhulme ,medium
1420,New Delhi Nights,Kirt Mosier,medium
1421,New World Anthem,Paul Barker,medium
1422,Night Blooming Jasmine,Yukiko Nishimura,medium
1423,Nocturne,Claude T. Smith/arr. James Villani,medium
1424,Nordlys,Marcia Stockton,medium
1425,North of the Mountain,Doug Spata,medium
1426,Nova Jornada,Loreta Fin,medium
1427,O Magnum Mysterium,Morten Lauridsen/arr. Sandra Dackow,medium
1428,October,Eric Whitacre/arr. Paul Lavender,medium
1429,Ode to the Plains and Wild Horses Running,Robert Kerr,medium
1430,Odessa,David Bobrowitz/ed. J. Cameron Law,medium
1431,The Odyssey,Soon Hee Newbold,medium
1432,The Old Boatman,Florence Price/arr. Dana Perna,medium
1433,Oliverian Fantasy,Brian Balmages,medium
1434,On the Pilgrim's Road,Jeffrey S. Bishop,medium
1435,"One for the North, One for the South",Gregory Singer,medium
1436,Orchid,Yukiko Nishimura,medium
1437,Origin Story,Peter Sciaino,medium
1438,Ostinatum,Paul Barker,medium
1439,Over the Misty Moor,Jason W. Krug,medium
1440,Overture and Fugue,Fagner M. Rocha,medium
1441,Pagodas,Richard Meyer,medium
1442,Palmetto Suite,William Hofeldt,medium
1443,Pastorale,Arcangelo Corelli/arr. Brandon Bangle,medium
1444,Percussive Thoughts for Strings,Donald Coakley,medium
1445,Perpetuoso,Brian Holmes,medium
1446,Petite Suite - Beautiful Flowers,Yukiko Nishimura,medium
1447,Phantasia,Paul Barker,medium
1448,Phantom Dance,Steven L. Rosenhaus,medium
1449,Phantom Tangos,Brian Balmages,medium
1450,Phantom Waltz,Chris Thomas,medium
1451,Pi Tunes,Richard Meyer,medium
1452,Piddlin',Shirl Jae Atwell,medium
1453,Pizzicato Blues,Darren Mitchell ,medium
1454,Polaris,Garrett Hope,medium
1455,Power Shift,Kathryn Griesinger,medium
1456,Primrose Hill,Alan Lee Silva,medium
1457,Processional,David Bobrowitz,medium
1458,Prometheus,Leonard Ingrande,medium
1459,Quasar,Paul Barker,medium
1460,Rainfall in Vernazza,Chris Thomas,medium
1461,Red Iguana Rhumba,Lauren Bernofsky,medium
1462,Reels and Reverie,Alan Lee Silva,medium
1463,Resplendence,Liam Ramsey-White,medium
1464,Rest,Frank Ticheli,medium
1465,Retrospect,Kevin Ray,medium
1466,Rhapsody in Blue,George Gershwin/arr. Michael Hopkins,medium
1467,Rhythm Sticks,Shirl Jae Atwell,medium
1468,Rhythmic Variations on Two Ancient Hymns,Howard Hanson,medium
1469,Rhythmos,Kathryn Griesinger,medium
1470,Rim of the City,Sarah Siegler,medium
1471,The Ring of Brodgar,Mark Barnard,medium
1472,Rio de Fuego,Frank J. Halferty,medium
1473,Ripples,Yukiko Nishimura,medium
1474,Rise of the Majestics,Alexander Safford,medium
1475,Rites of Tamburo,Robert W. Smith,medium
1476,The Road to Andalusia,Eric B. Davis,medium
1477,Rogue Rider,Doug Spata,medium
1478,Rondino,Fritz Kreisler/arr. Andy Dabczynski,medium
1479,Ruby Mountain Serenade,John Atteberry,medium
1480,Russian Fantasy,Susan H. Day,medium
1481,A Sailor's Journey,David Bobrowitz/arr. J. Cameron Law,medium
1482,Sanseneon,Robert Frost,medium
1483,Scenes of the Cherokee Trail,Susan H. Day,medium
1484,Scherzo for Rising Waters,Robert Moore,medium
1485,Scherzo for String Orchestra,Barry Milner,medium
1486,Sea Shanty Saga,arr. Tyler Arcari,medium
1487,Sea Squall,Eric B. Davis,medium
1488,Sea's Calling,Liam Ramsey-White,medium
1489,The Seafaring Swashbuckler,Matt Turner,medium
1490,Shadow Run,George Sweet,medium
1491,Shadowgate,Christian A. Williams,medium
1492,Shady Grove,Gwyneth Walker,medium
1493,Shattered,Michael Hopkins,medium
1494,She Will Hang the Night with Stars,William Hofeldt,medium
1495,Shinkansen,Jason W. Krug,medium
1496,Silent Lament,Richard Casimir,medium
1497,Sinfonia Rhythmico,Robert Moore/arr. J. Cameron Law,medium
1498,Sinfonia for Strings,Eric Ewazen,medium
1499,Sky Fire,Tim Shackelton,medium
1500,Skyline Rising,Kirt Mosier,medium
1501,Smooth Sailing,Thom Sharp,medium
1502,Snake River Stomp,Steve Laven,medium
1503,Snowberry,Yukiko Nishimura,medium
1504,A Somerset Lament and Reel,William Camphouse,medium
1505,Song for a Rainy Day,Samuel A. Livingston,medium
1506,The Sound of a Sound,Richard Meyer,medium
1507,The Spirit of the Mesa,Gwyneth Walker,medium
1508,Spitfire,Terence O'Grady,medium
1509,Spontaneous Combustion,Seth Gamba,medium
1510,Spring Forward,Mark Revell,medium
1511,"Star Light, Star Bright",Leslie Gilreath,medium
1512,Steampunk,Richard Meyer,medium
1513,Steeplechase,Brent D. Smith,medium
1514,Stone and Steel,Richard Meyer,medium
1515,Stratosphere,Stephen Chin,medium
1516,A Streak of Light,Kathryn Griesinger,medium
1517,Stringtando,Paul Barker,medium
1518,Strollin',Shirl Jae Atwell,medium
1519,Such Small Things,Nathan Daughtrey,medium
1520,Suite Versailles,Brian Balmages,medium
1521,Suite for Strings,Carold Nunez,medium
1522,A Suite of Three Madrigals,Thomas Morley/arr. Bud Caputo,medium
1523,Summer's Solitude,Anthony Susi,medium
1524,Sunset Hill,Yukiko Nishimura,medium
1525,Supernova,Chris Owenby,medium
1526,"Symphony No. 2, I. Allegro Presto",Joseph Bologne & Chevalier de Saint-Georges/arr. Daniel Bukin,medium
1527,Tango Espressivo,Matt Turner ,medium
1528,Tango Loco,Reynard Burns,medium
1529,Tango Mysterioso,Susan H. Day,medium
1530,Tango Noir,Reynard Burns ,medium
1531,Te Dije,Andy Patterson,medium
1532,Tempus Fugitive,Robert Moore,medium
1533,Textures,Bill Calhoun,medium
1534,Themes from Rhapsody in Blue,George Gershwin/arr. Carrie Lane Gruselle,medium
1535,The Three Knights' Quest,Austin Isaac,medium
1536,Through the Dark Domain,Doug Spata,medium
1537,Time to Tango,Erica Donahoe,medium
1538,Titan X,Paul Barker,medium
1539,To Tame the Raging Rapids,Brian Balmages,medium
1540,To the Ocean,Yukiko Nishimura,medium
1541,To the Palace of Light,Stephen Chin,medium
1542,Tree House,Yukiko Nishimura,medium
1543,Triangle of the Tempest,Alan Lee Silva,medium
1544,Triumph,Armond Wimberly,medium
1545,Tropical Breeze,Cindy Hill,medium
1546,Turbine,Jeffrey Frizzi,medium
1547,Twilight at Dunguaire,John Mock,medium
1548,Two Points of Light,M.L. Daniels,medium
1549,Two Scenes from the Hollow,Kirt Mosier,medium
1550,Una Limosna por el Amor de Dios,Agustin Barrios/arr. Nathan Daughtrey,medium
1551,Urbanicity,R. Scott Whittington,medium
1552,V,Jeffrey E. Turner,medium
1553,Ventus,Todd Parrish,medium
1554,Vortex,Paul Barker,medium
1555,Waltz of the Wicked,Kirt N. Mosier,medium
1556,Waltzes from a Narrow House,Robert Moore/ed. J. Cameron Law,medium
1557,Warrior Legacy,Soon Hee Newbold,medium
1558,Water Reflections,Yukiko Nishimura,medium
1559,Waterfalls,Mark Revell,medium
1560,Waves of Three,Mark Revell,medium
1561,Wayland Overture,Michael Hopkins,medium
1562,Welcome the Light!,Deborah Baker Monday,medium
1563,Who's on Bass?,Karen Koger,medium
1564,Winds Through Time: Port Washington,Deborah Baker Monday,medium
1565,Winter Solstice,Todd Parrish,medium
1566,Wisp,Shirl Jae Atwell ,medium
1567,With Fire,Darren Mitchell,medium
1568,With Gratitude,Katie O'Hara LaBrie,medium
1569,Wood's Bolero,Mark Wood,medium
1570,Yumiweeus,Richard Meyer,medium
1571,Zenith,Paul Barker,medium
1572,Zephyrus,Todd Parrish,medium
1573,Zombie Intruders,Kirk Vogel/ed. J. Cameron Law,medium
1574,Zoom!,Richard Meyer,medium
1575,Adagio for Strings,Paul Barker,medium-advanced
1576,All the Things,Brian Balmages,medium-advanced
1577,Alleluia,Randall Thompson/arr. Randol Bass,medium-advanced
1578,American Sketches,Joshua Reznicow,medium-advanced
1579,Antamina,Lauren Bernofsky,medium-advanced
1580,Argent Edge,Doug Spata,medium-advanced
1581,Bailes Para Orquesta,Richard Meyer,medium-advanced
1582,Beyond the Gate,Stephanie Ann Boyd,medium-advanced
1583,Beyond the Veil,Tyler Arcari,medium-advanced
1584,Blue Hook for Strings and Harp,Bud Woodruff,medium-advanced
1585,The Call of the Sea,Alexander Safford,medium-advanced
1586,Celebration,Bob Mathews,medium-advanced
1587,Century One Tusonic,Richard Meyer,medium-advanced
1588,Dark Sky,Bruce W. Tippette,medium-advanced
1589,Dark Sky Soliloquy,Stephanie Ann Boyd,medium-advanced
1590,Deluge,Michael Hopkins,medium-advanced
1591,Dido & Aeneas - Hornpipe,Henry Purcell /arr. Paul Barker,medium-advanced
1592,Dido & Aeneas Orchestral Suite,Henry Purcell / Paul Barker,medium-advanced
1593,Dido & Aeneas- Orchestral Overture,Henry Purcell /arr. Paul Barker,medium-advanced
1594,Elegy,Jack Jarrett ,medium-advanced
1595,Elementa,Soon Hee Newbold,medium-advanced
1596,The Elements,Richard Meyer,medium-advanced
1597,The Emerald Falcon,Richard Meyer,medium-advanced
1598,Fanfare for Strings,Pasquale Tassone,medium-advanced
1599,Festival Overture,Paul Barker,medium-advanced
1600,The Grieved Soul,Jeremy Woolstenhulme,medium-advanced
1601,Hemispheres,Richard Meyer,medium-advanced
1602,High Rise,Adrian Gordon,medium-advanced
1603,Iditarod,Soon Hee Newbold,medium-advanced
1604,Idylls of Pegasus,Richard Meyer,medium-advanced
1605,Impressions of Joy,Sean O'Loughlin,medium-advanced
1606,Irish Junkyard Jam,Brian Balmages,medium-advanced
1607,The Island of Saints and Scholars,David O'Fallon,medium-advanced
1608,Keystone,Alan Lee Silva,medium-advanced
1609,La Cascara,Jeremy Woolstenhulme,medium-advanced
1610,The Last Full Measure of Devotion,David Bobrowitz,medium-advanced
1611,Legend of the Phantom Pirates,Brian Balmages ,medium-advanced
1612,Lyric Metal,Brian Balmages,medium-advanced
1613,Make It Stop!,Bruce Broughton,medium-advanced
1614,Map's End,Caryn Wiegand Neidhold,medium-advanced
1615,Mare Tranquillitatis,Roger Zare ,medium-advanced
1616,Master of Disguise,Brent D. Smith,medium-advanced
1617,Melrose Avenue,California Guitar Trio ,medium-advanced
1618,Midnight Battle,Liam Ramsey-White,medium-advanced
1619,Millennium Suite,Paul Barker,medium-advanced
1620,Mysteria,Paul Barker,medium-advanced
1621,Mysterium,Paul Barker,medium-advanced
1622,Native Flair,Ben Easler,medium-advanced
1623,"New Chances, New Dances",Richard Meyer,medium-advanced
1624,Nunca te Rindas!,Thom Sharp,medium-advanced
1625,Of Glorious Plumage,Richard Meyer,medium-advanced
1626,Orion and the Scorpion,Soon Hee Newbold ,medium-advanced
1627,Out of Time,Sean O'Loughlin,medium-advanced
1628,Overture to the Wind,Kirt Mosier,medium-advanced
1629,Palladio,Karl Jenkins,medium-advanced
1630,Perseus,Soon Hee Newbold,medium-advanced
1631,Point Lookout,Brian Balmages,medium-advanced
1632,Precipice,Eric B. Davis,medium-advanced
1633,Quantum,Paul Barker,medium-advanced
1634,Red Rhythmico,Kirt Mosier,medium-advanced
1635,Reflexions,Carold Nunez,medium-advanced
1636,Return of Spring,Liam Ramsey-White,medium-advanced
1637,Rhythm Dances,Brian Balmages,medium-advanced
1638,Ridgefinder,Benjamin P. Snoek,medium-advanced
1639,Rikudim,Jan Van der Roost,medium-advanced
1640,Rondo,Claude T. Smith/arr. James Villani,medium-advanced
1641,Rue de Royal,Zach Wallmark,medium-advanced
1642,Samba for a Sunday Afternoon,Thom Sharp,medium-advanced
1643,Sandstone and Shale,Matthew Gelfer,medium-advanced
1644,Scherzo,Roger Zare,medium-advanced
1645,Short Overture for Strings,Jean Berger,medium-advanced
1646,Showdown!,Jeffrey Bishop ,medium-advanced
1647,Spirited Voyage,Joshua Reznicow,medium-advanced
1648,Springtide,Darren Mitchell/ed. J. Cameron Law,medium-advanced
1649,String Spritza,Paul Barker,medium-advanced
1650,String of Dolphins,Yukiko Nishimura,medium-advanced
1651,Summer Solstice,Bruce W. Tippette,medium-advanced
1652,Swamp Thang,Richard Meyer,medium-advanced
1653,Swimming with Dolphins,Michael Hopkins,medium-advanced
1654,Symphony No. 2 (Finale),Emilie Mayer/arr. Lauren Taylor,medium-advanced
1655,Tarantella,Claude T. Smith/arr. James Villani,medium-advanced
1656,Tectonic Shift,Sam Gelfer,medium-advanced
1657,The Texians,Carold Nunez,medium-advanced
1658,The Fire Within,Brian Balmages,medium-advanced
1659,Three Stories by Hans Christian Andersen,Jan Jarvlepp,medium-advanced
1660,Turtlewood Stomp,Matthew Gelfer,medium-advanced
1661,Typhon,Leonard Ingrande,medium-advanced
1662,Une Petite Waltz,James O. Lockett,medium-advanced
1663,Vanishing Pointe,Richard Meyer,medium-advanced
1664,Visions of the Sky,Adrian B. Sims,medium-advanced
1665,A Warrior's Dream,Joshua Reznicow,medium-advanced
1666,Water Lily,Matt Riley,medium-advanced
1667,Westridge Overture,Richard Meyer,medium-advanced
1668,iMotion,Paul Barker,medium-advanced
1669,Suite for Strings,John Rutter,advanced
1670,"Serenade for Strings, Op. 11",Dag Ivar Wiren,advanced
1671,Meditation,Jack Jarrett,advanced
1672,"Voyagers We, Undaunted",Richard Meyer,advanced
1673,Metal Rhythmico,Kirt N. Mosier,advanced
1674,Air and Simple Gifts,John Williams,advanced
1675,Cycles of the Moon,Ayala Asherov,advanced
1676,Parkland,Susan H. Day,advanced
1677,Contentamento,Allen Molineux,advanced
1678,"Symphony in E Minor, Op. 32 ""Gaelic""",Amy Beach,advanced
1679,The Ballet School,Bill Holcombe/trans. Bill Holcombe Jr.,advanced
1680,Air and Simple Gifts,John Williams,collegiate
1681,All the Things,Brian Balmages,collegiate
1682,Alley Cats,Doug Spata,collegiate
1683,Andalusian Adventure,Erica Donahoe,collegiate
1684,Appalachian Daybreak,Ben Snoek,collegiate
1685,Backbone Trail,Sean O'Loughlin,collegiate
1686,The Ballet School,Bill Holcombe/trans. Bill Holcombe Jr.,collegiate
1687,Beyond the Gate,Stephanie Ann Boyd,collegiate
1688,Beyond the Veil,Tyler Arcari,collegiate
1689,Blue Hook for Strings and Harp,Bud Woodruff,collegiate
1690,Cave of the Winds,Robert Nathaniel Dett/arr. Devon Morales,collegiate
1691,Concertino for Cello and Strings,R. Scott Whittington,collegiate
1692,Contentamento,Allen Molineux,collegiate
1693,Cycles of the Moon,Ayala Asherov,collegiate
1694,Dark Sky Soliloquy,Stephanie Ann Boyd,collegiate
1695,Elementa,Soon Hee Newbold,collegiate
1696,English Rondo,Jeffrey Hart,collegiate
1697,The Galaxies,Joel Pau,collegiate
1698,The Highland Games,Jesselyn Joy Dudinsky,collegiate
1699,The Island of Saints and Scholars,David O'Fallon,collegiate
1700,La Bella Cubana,Jose White/arr. Robert Debbaut,collegiate
1701,The Last Full Measure of Devotion,David Bobrowitz,collegiate
1702,Lullaby for the Martyrs,Andelena G. Jackson,collegiate
1703,Lyric Metal,Brian Balmages,collegiate
1704,Make It Stop!,Bruce Broughton,collegiate
1705,Map's End,Caryn Wiegand Neidhold,collegiate
1706,Meditation,Jack Jarrett,collegiate
1707,Metal Rhythmico,Kirt N. Mosier,collegiate
1708,Midnight Battle,Liam Ramsey-White,collegiate
1709,Mimosa Shower,Yukiko Nishimura,collegiate
1710,The Monkey Temple at Jaipur,Steven L. Rosenhaus,collegiate
1711,Mustang Triumph,Sarah Siegler,collegiate
1712,"New Chances, New Dances",Richard Meyer,collegiate
1713,Oliverian Fantasy,Brian Balmages,collegiate
1714,Orchid,Yukiko Nishimura,collegiate
1715,Parkland,Susan H. Day,collegiate
1716,Pastorale,Arcangelo Corelli/arr. Brandon Bangle,collegiate
1717,Percussive Thoughts for Strings,Donald Coakley,collegiate
1718,Rhapsody in Blue,George Gershwin/arr. Michael Hopkins,collegiate
1719,Rhythmic Variations on Two Ancient Hymns,Howard Hanson,collegiate
1720,The Ring of Brodgar,Mark Barnard,collegiate
1721,Samba for a Sunday Afternoon,Thom Sharp,collegiate
1722,Scherzo,Roger Zare,collegiate
1723,Sea Shanty Saga,arr. Tyler Arcari,collegiate
1724,Sea Squall,Eric B. Davis,collegiate
1725,"Serenade for Strings, Op. 11",Dag Ivar Wiren,collegiate
1726,String of Dolphins,Yukiko Nishimura,collegiate
1727,Such Small Things,Nathan Daughtrey,collegiate
1728,Suite for Strings,John Rutter,collegiate
1729,Symphony No. 2 (Finale),Emilie Mayer/arr. Lauren Taylor,collegiate
1730,"Symphony in E Minor, Op. 32 ""Gaelic""",Amy Beach,collegiate
1731,Tectonic Shift,Sam Gelfer,collegiate
1732,The Fire Within,Brian Balmages,collegiate
1733,Themes from Rhapsody in Blue,George Gershwin/arr. Carrie Lane Gruselle,collegiate
1734,Turtlewood Stomp,Matthew Gelfer,collegiate
1735,Twilight at Dunguaire,John Mock,collegiate
1736,Typhon,Leonard Ingrande,collegiate
1737,Visions of the Sky,Adrian B. Sims,collegiate
1738,"Voyagers We, Undaunted",Richard Meyer,collegiate
1739,Welcome the Light!,Deborah Baker Monday,collegiate
